Sample	Antimicrobial	Class	WGS_phenotype	Match	Genetic_background	Zone diameter	Resistance
0043m-CMPN001x78_260114_LH00793_B23GCKKLT3	erythromycin	macrolide	Resistant	3	msr(D) (msr(D)_AF274302), mef(A) (mef(A)_U83667)	 	NA
0043m-CMPN001x78_260114_LH00793_B23GCKKLT3	azithromycin	macrolide	Resistant	3	msr(D) (msr(D)_AF274302), mef(A) (mef(A)_U83667)	 	NA
0043m-CMPN001x78_260114_LH00793_B23GCKKLT3	telithromycin	macrolide	Resistant	3	msr(D) (msr(D)_AF274302)	 	NA
0043m-CMPN001x78_260114_LH00793_B23GCKKLT3	quinupristin	streptogramin b	Resistant	3	msr(D) (msr(D)_AF274302)	 	NA
0043m-CMPN001x78_260114_LH00793_B23GCKKLT3	pristinamycin ia	streptogramin b	Resistant	3	msr(D) (msr(D)_AF274302)	 	NA
0043m-CMPN001x78_260114_LH00793_B23GCKKLT3	virginiamycin s	streptogramin b	Resistant	3	msr(D) (msr(D)_AF274302)	 	NA
0048m-CMPN001x79_260114_LH00793_B23GCKKLT3	erythromycin	macrolide	Resistant	2	msr(D) (msr(D)_AF227520), mef(A) (mef(A)_AF227520)	 	NA
0048m-CMPN001x79_260114_LH00793_B23GCKKLT3	azithromycin	macrolide	Resistant	2	msr(D) (msr(D)_AF227520), mef(A) (mef(A)_AF227520)	 	NA
0048m-CMPN001x79_260114_LH00793_B23GCKKLT3	telithromycin	macrolide	Resistant	2	msr(D) (msr(D)_AF227520)	 	NA
0048m-CMPN001x79_260114_LH00793_B23GCKKLT3	quinupristin	streptogramin b	Resistant	2	msr(D) (msr(D)_AF227520)	 	NA
0048m-CMPN001x79_260114_LH00793_B23GCKKLT3	pristinamycin ia	streptogramin b	Resistant	2	msr(D) (msr(D)_AF227520)	 	NA
0048m-CMPN001x79_260114_LH00793_B23GCKKLT3	virginiamycin s	streptogramin b	Resistant	2	msr(D) (msr(D)_AF227520)	 	NA
0068m-CMPN001x83_260114_LH00793_B23GCKKLT3	erythromycin	macrolide	Resistant	3	msr(D) (msr(D)_AF274302), mef(A) (mef(A)_U83667)	 	NA
0068m-CMPN001x83_260114_LH00793_B23GCKKLT3	azithromycin	macrolide	Resistant	3	msr(D) (msr(D)_AF274302), mef(A) (mef(A)_U83667)	 	NA
0068m-CMPN001x83_260114_LH00793_B23GCKKLT3	telithromycin	macrolide	Resistant	3	msr(D) (msr(D)_AF274302)	 	NA
0068m-CMPN001x83_260114_LH00793_B23GCKKLT3	tetracycline	tetracycline	Resistant	2	tet(M) (tet(M)_X90939)	 	NA
0068m-CMPN001x83_260114_LH00793_B23GCKKLT3	doxycycline	tetracycline	Resistant	2	tet(M) (tet(M)_X90939)	 	NA
0068m-CMPN001x83_260114_LH00793_B23GCKKLT3	minocycline	tetracycline	Resistant	2	tet(M) (tet(M)_X90939)	 	NA
0068m-CMPN001x83_260114_LH00793_B23GCKKLT3	quinupristin	streptogramin b	Resistant	3	msr(D) (msr(D)_AF274302)	 	NA
0068m-CMPN001x83_260114_LH00793_B23GCKKLT3	pristinamycin ia	streptogramin b	Resistant	3	msr(D) (msr(D)_AF274302)	 	NA
0068m-CMPN001x83_260114_LH00793_B23GCKKLT3	virginiamycin s	streptogramin b	Resistant	3	msr(D) (msr(D)_AF274302)	 	NA
0076m-CMPN001x85_260114_LH00793_B23GCKKLT3	erythromycin	macrolide	Resistant	3	msr(D) (msr(D)_AF274302), mef(A) (mef(A)_U83667)	 	NA
0076m-CMPN001x85_260114_LH00793_B23GCKKLT3	azithromycin	macrolide	Resistant	3	msr(D) (msr(D)_AF274302), mef(A) (mef(A)_U83667)	 	NA
0076m-CMPN001x85_260114_LH00793_B23GCKKLT3	telithromycin	macrolide	Resistant	3	msr(D) (msr(D)_AF274302)	 	NA
0076m-CMPN001x85_260114_LH00793_B23GCKKLT3	quinupristin	streptogramin b	Resistant	3	msr(D) (msr(D)_AF274302)	 	NA
0076m-CMPN001x85_260114_LH00793_B23GCKKLT3	pristinamycin ia	streptogramin b	Resistant	3	msr(D) (msr(D)_AF274302)	 	NA
0076m-CMPN001x85_260114_LH00793_B23GCKKLT3	virginiamycin s	streptogramin b	Resistant	3	msr(D) (msr(D)_AF274302)	 	NA
0116p-CMPN001x93_260114_LH00793_B23GCKKLT3	tetracycline	tetracycline	Resistant	2	tetA(46) (tetA(46)_HQ652506), tetB(46) (tetB(46)_HQ652506)	NA	NA
0116p-CMPN001x93_260114_LH00793_B23GCKKLT3	doxycycline	tetracycline	Resistant	2	tetA(46) (tetA(46)_HQ652506), tetB(46) (tetB(46)_HQ652506)	NA	NA
0116p-CMPN001x93_260114_LH00793_B23GCKKLT3	tigecycline	tetracycline	Resistant	2	tetA(46) (tetA(46)_HQ652506), tetB(46) (tetB(46)_HQ652506)	NA	NA
0129p-CMPN001x95_260114_LH00793_B23GCKKLT3	tetracycline	tetracycline	Resistant	2	tetA(46) (tetA(46)_HQ652506), tetB(46) (tetB(46)_HQ652506)	NA	NA
0129p-CMPN001x95_260114_LH00793_B23GCKKLT3	doxycycline	tetracycline	Resistant	2	tetA(46) (tetA(46)_HQ652506), tetB(46) (tetB(46)_HQ652506)	NA	NA
0129p-CMPN001x95_260114_LH00793_B23GCKKLT3	tigecycline	tetracycline	Resistant	2	tetA(46) (tetA(46)_HQ652506), tetB(46) (tetB(46)_HQ652506)	NA	NA
033Ap-CMPN001x48_260114_LH00793_B23GCKKLT3	erythromycin	macrolide	Resistant	3	msr(D) (msr(D)_AF274302), mef(A) (mef(A)_U83667)	R13	Ampicillin_resistant
033Ap-CMPN001x48_260114_LH00793_B23GCKKLT3	azithromycin	macrolide	Resistant	3	msr(D) (msr(D)_AF274302), mef(A) (mef(A)_U83667)	R13	Ampicillin_resistant
033Ap-CMPN001x48_260114_LH00793_B23GCKKLT3	telithromycin	macrolide	Resistant	3	msr(D) (msr(D)_AF274302)	R13	Ampicillin_resistant
033Ap-CMPN001x48_260114_LH00793_B23GCKKLT3	tetracycline	tetracycline	Resistant	2	tetA(46) (tetA(46)_HQ652506), tetB(46) (tetB(46)_HQ652506)	R13	Ampicillin_resistant
033Ap-CMPN001x48_260114_LH00793_B23GCKKLT3	doxycycline	tetracycline	Resistant	2	tetA(46) (tetA(46)_HQ652506), tetB(46) (tetB(46)_HQ652506)	R13	Ampicillin_resistant
033Ap-CMPN001x48_260114_LH00793_B23GCKKLT3	tigecycline	tetracycline	Resistant	2	tetA(46) (tetA(46)_HQ652506), tetB(46) (tetB(46)_HQ652506)	R13	Ampicillin_resistant
033Ap-CMPN001x48_260114_LH00793_B23GCKKLT3	quinupristin	streptogramin b	Resistant	3	msr(D) (msr(D)_AF274302)	R13	Ampicillin_resistant
033Ap-CMPN001x48_260114_LH00793_B23GCKKLT3	pristinamycin ia	streptogramin b	Resistant	3	msr(D) (msr(D)_AF274302)	R13	Ampicillin_resistant
033Ap-CMPN001x48_260114_LH00793_B23GCKKLT3	virginiamycin s	streptogramin b	Resistant	3	msr(D) (msr(D)_AF274302)	R13	Ampicillin_resistant
033Cm-CMPN001x01_260114_LH00793_B23GCKKLT3	lincomycin	lincosamide	Resistant	3	erm(B) (erm(B)_U86375)	R0	Clindamycin_resistant
033Cm-CMPN001x01_260114_LH00793_B23GCKKLT3	clindamycin	lincosamide	Resistant	3	erm(B) (erm(B)_U86375)	R0	Clindamycin_resistant
033Cm-CMPN001x01_260114_LH00793_B23GCKKLT3	erythromycin	macrolide	Resistant	3	erm(B) (erm(B)_U86375), msr(D) (msr(D)_AF274302), mef(A) (mef(A)_U83667)	R0	Clindamycin_resistant
033Cm-CMPN001x01_260114_LH00793_B23GCKKLT3	azithromycin	macrolide	Resistant	3	msr(D) (msr(D)_AF274302), mef(A) (mef(A)_U83667)	R0	Clindamycin_resistant
033Cm-CMPN001x01_260114_LH00793_B23GCKKLT3	telithromycin	macrolide	Resistant	3	msr(D) (msr(D)_AF274302)	R0	Clindamycin_resistant
033Cm-CMPN001x01_260114_LH00793_B23GCKKLT3	tetracycline	tetracycline	Resistant	2	tet(M) (tet(M)_X04388)	R0	Clindamycin_resistant
033Cm-CMPN001x01_260114_LH00793_B23GCKKLT3	doxycycline	tetracycline	Resistant	2	tet(M) (tet(M)_X04388)	R0	Clindamycin_resistant
033Cm-CMPN001x01_260114_LH00793_B23GCKKLT3	minocycline	tetracycline	Resistant	2	tet(M) (tet(M)_X04388)	R0	Clindamycin_resistant
033Cm-CMPN001x01_260114_LH00793_B23GCKKLT3	quinupristin	streptogramin b	Resistant	3	erm(B) (erm(B)_U86375), msr(D) (msr(D)_AF274302)	R0	Clindamycin_resistant
033Cm-CMPN001x01_260114_LH00793_B23GCKKLT3	pristinamycin ia	streptogramin b	Resistant	3	erm(B) (erm(B)_U86375), msr(D) (msr(D)_AF274302)	R0	Clindamycin_resistant
033Cm-CMPN001x01_260114_LH00793_B23GCKKLT3	virginiamycin s	streptogramin b	Resistant	3	erm(B) (erm(B)_U86375), msr(D) (msr(D)_AF274302)	R0	Clindamycin_resistant
033Cm-CMPN001x01_260114_LH00793_B23GCKKLT3	chloramphenicol	amphenicol	Resistant	3	cat(pC194) (cat(pC194)_NC_002013)	R0	Clindamycin_resistant
039Ap-CMPN001x49_260114_LH00793_B23GCKKLT3	erythromycin	macrolide	Resistant	3	msr(D) (msr(D)_AF274302), mef(A) (mef(A)_U83667)	R14	Ampicillin_resistant
039Ap-CMPN001x49_260114_LH00793_B23GCKKLT3	azithromycin	macrolide	Resistant	3	msr(D) (msr(D)_AF274302), mef(A) (mef(A)_U83667)	R14	Ampicillin_resistant
039Ap-CMPN001x49_260114_LH00793_B23GCKKLT3	telithromycin	macrolide	Resistant	3	msr(D) (msr(D)_AF274302)	R14	Ampicillin_resistant
039Ap-CMPN001x49_260114_LH00793_B23GCKKLT3	tetracycline	tetracycline	Resistant	2	tetA(46) (tetA(46)_HQ652506), tetB(46) (tetB(46)_HQ652506)	R14	Ampicillin_resistant
039Ap-CMPN001x49_260114_LH00793_B23GCKKLT3	doxycycline	tetracycline	Resistant	2	tetA(46) (tetA(46)_HQ652506), tetB(46) (tetB(46)_HQ652506)	R14	Ampicillin_resistant
039Ap-CMPN001x49_260114_LH00793_B23GCKKLT3	tigecycline	tetracycline	Resistant	2	tetA(46) (tetA(46)_HQ652506), tetB(46) (tetB(46)_HQ652506)	R14	Ampicillin_resistant
039Ap-CMPN001x49_260114_LH00793_B23GCKKLT3	quinupristin	streptogramin b	Resistant	3	msr(D) (msr(D)_AF274302)	R14	Ampicillin_resistant
039Ap-CMPN001x49_260114_LH00793_B23GCKKLT3	pristinamycin ia	streptogramin b	Resistant	3	msr(D) (msr(D)_AF274302)	R14	Ampicillin_resistant
039Ap-CMPN001x49_260114_LH00793_B23GCKKLT3	virginiamycin s	streptogramin b	Resistant	3	msr(D) (msr(D)_AF274302)	R14	Ampicillin_resistant
039Pp-CMPN001x39_260114_LH00793_B23GCKKLT3	erythromycin	macrolide	Resistant	3	msr(D) (msr(D)_AF274302), mef(A) (mef(A)_U83667)	R9	Penicillin_resistant
039Pp-CMPN001x39_260114_LH00793_B23GCKKLT3	azithromycin	macrolide	Resistant	3	msr(D) (msr(D)_AF274302), mef(A) (mef(A)_U83667)	R9	Penicillin_resistant
039Pp-CMPN001x39_260114_LH00793_B23GCKKLT3	telithromycin	macrolide	Resistant	3	msr(D) (msr(D)_AF274302)	R9	Penicillin_resistant
039Pp-CMPN001x39_260114_LH00793_B23GCKKLT3	tetracycline	tetracycline	Resistant	2	tet(M) (tet(M)_X04388)	R9	Penicillin_resistant
039Pp-CMPN001x39_260114_LH00793_B23GCKKLT3	doxycycline	tetracycline	Resistant	2	tet(M) (tet(M)_X04388)	R9	Penicillin_resistant
039Pp-CMPN001x39_260114_LH00793_B23GCKKLT3	minocycline	tetracycline	Resistant	2	tet(M) (tet(M)_X04388)	R9	Penicillin_resistant
039Pp-CMPN001x39_260114_LH00793_B23GCKKLT3	quinupristin	streptogramin b	Resistant	3	msr(D) (msr(D)_AF274302)	R9	Penicillin_resistant
039Pp-CMPN001x39_260114_LH00793_B23GCKKLT3	pristinamycin ia	streptogramin b	Resistant	3	msr(D) (msr(D)_AF274302)	R9	Penicillin_resistant
039Pp-CMPN001x39_260114_LH00793_B23GCKKLT3	virginiamycin s	streptogramin b	Resistant	3	msr(D) (msr(D)_AF274302)	R9	Penicillin_resistant
042Ap-CMPN001x50_260114_LH00793_B23GCKKLT3	tetracycline	tetracycline	Resistant	2	tetA(46) (tetA(46)_HQ652506), tetB(46) (tetB(46)_HQ652506)	R14	Ampicillin_resistant
042Ap-CMPN001x50_260114_LH00793_B23GCKKLT3	doxycycline	tetracycline	Resistant	2	tetA(46) (tetA(46)_HQ652506), tetB(46) (tetB(46)_HQ652506)	R14	Ampicillin_resistant
042Ap-CMPN001x50_260114_LH00793_B23GCKKLT3	tigecycline	tetracycline	Resistant	2	tetA(46) (tetA(46)_HQ652506), tetB(46) (tetB(46)_HQ652506)	R14	Ampicillin_resistant
042Cg-CMPN001x02_260114_LH00793_B23GCKKLT3	lincomycin	lincosamide	Resistant	3	erm(B) (erm(B)_U86375)	R0	Clindamycin_resistant
042Cg-CMPN001x02_260114_LH00793_B23GCKKLT3	clindamycin	lincosamide	Resistant	3	erm(B) (erm(B)_U86375)	R0	Clindamycin_resistant
042Cg-CMPN001x02_260114_LH00793_B23GCKKLT3	erythromycin	macrolide	Resistant	3	erm(B) (erm(B)_U86375)	R0	Clindamycin_resistant
042Cg-CMPN001x02_260114_LH00793_B23GCKKLT3	tetracycline	tetracycline	Resistant	2	tet(M) (tet(M)_X92947)	R0	Clindamycin_resistant
042Cg-CMPN001x02_260114_LH00793_B23GCKKLT3	doxycycline	tetracycline	Resistant	2	tet(M) (tet(M)_X92947)	R0	Clindamycin_resistant
042Cg-CMPN001x02_260114_LH00793_B23GCKKLT3	minocycline	tetracycline	Resistant	2	tet(M) (tet(M)_X92947)	R0	Clindamycin_resistant
042Cg-CMPN001x02_260114_LH00793_B23GCKKLT3	quinupristin	streptogramin b	Resistant	3	erm(B) (erm(B)_U86375)	R0	Clindamycin_resistant
042Cg-CMPN001x02_260114_LH00793_B23GCKKLT3	pristinamycin ia	streptogramin b	Resistant	3	erm(B) (erm(B)_U86375)	R0	Clindamycin_resistant
042Cg-CMPN001x02_260114_LH00793_B23GCKKLT3	virginiamycin s	streptogramin b	Resistant	3	erm(B) (erm(B)_U86375)	R0	Clindamycin_resistant
047As-CMPN001x51_260114_LH00793_B23GCKKLT3	lincomycin	lincosamide	Resistant	3	erm(B) (erm(B)_U86375)	R14	Ampicillin_resistant
047As-CMPN001x51_260114_LH00793_B23GCKKLT3	clindamycin	lincosamide	Resistant	3	erm(B) (erm(B)_U86375)	R14	Ampicillin_resistant
047As-CMPN001x51_260114_LH00793_B23GCKKLT3	erythromycin	macrolide	Resistant	3	erm(B) (erm(B)_U86375), msr(D) (msr(D)_AF274302), mef(A) (mef(A)_U83667)	R14	Ampicillin_resistant
047As-CMPN001x51_260114_LH00793_B23GCKKLT3	azithromycin	macrolide	Resistant	3	msr(D) (msr(D)_AF274302), mef(A) (mef(A)_U83667)	R14	Ampicillin_resistant
047As-CMPN001x51_260114_LH00793_B23GCKKLT3	telithromycin	macrolide	Resistant	2	msr(D) (msr(D)_AF274302)	R14	Ampicillin_resistant
047As-CMPN001x51_260114_LH00793_B23GCKKLT3	tetracycline	tetracycline	Resistant	2	tet(M) (tet(M)_X75073)	R14	Ampicillin_resistant
047As-CMPN001x51_260114_LH00793_B23GCKKLT3	doxycycline	tetracycline	Resistant	2	tet(M) (tet(M)_X75073)	R14	Ampicillin_resistant
047As-CMPN001x51_260114_LH00793_B23GCKKLT3	minocycline	tetracycline	Resistant	2	tet(M) (tet(M)_X75073)	R14	Ampicillin_resistant
047As-CMPN001x51_260114_LH00793_B23GCKKLT3	quinupristin	streptogramin b	Resistant	3	erm(B) (erm(B)_U86375), msr(D) (msr(D)_AF274302)	R14	Ampicillin_resistant
047As-CMPN001x51_260114_LH00793_B23GCKKLT3	pristinamycin ia	streptogramin b	Resistant	3	erm(B) (erm(B)_U86375), msr(D) (msr(D)_AF274302)	R14	Ampicillin_resistant
047As-CMPN001x51_260114_LH00793_B23GCKKLT3	virginiamycin s	streptogramin b	Resistant	3	erm(B) (erm(B)_U86375), msr(D) (msr(D)_AF274302)	R14	Ampicillin_resistant
047Cs-CMPN001x03_260114_LH00793_B23GCKKLT3	lincomycin	lincosamide	Resistant	3	erm(B) (erm(B)_U86375)	R0	Clindamycin_resistant
047Cs-CMPN001x03_260114_LH00793_B23GCKKLT3	clindamycin	lincosamide	Resistant	3	erm(B) (erm(B)_U86375)	R0	Clindamycin_resistant
047Cs-CMPN001x03_260114_LH00793_B23GCKKLT3	erythromycin	macrolide	Resistant	3	erm(B) (erm(B)_U86375), msr(D) (msr(D)_AF274302), mef(A) (mef(A)_U83667)	R0	Clindamycin_resistant
047Cs-CMPN001x03_260114_LH00793_B23GCKKLT3	azithromycin	macrolide	Resistant	3	msr(D) (msr(D)_AF274302), mef(A) (mef(A)_U83667)	R0	Clindamycin_resistant
047Cs-CMPN001x03_260114_LH00793_B23GCKKLT3	telithromycin	macrolide	Resistant	2	msr(D) (msr(D)_AF274302)	R0	Clindamycin_resistant
047Cs-CMPN001x03_260114_LH00793_B23GCKKLT3	tetracycline	tetracycline	Resistant	2	tet(M) (tet(M)_X04388)	R0	Clindamycin_resistant
047Cs-CMPN001x03_260114_LH00793_B23GCKKLT3	doxycycline	tetracycline	Resistant	2	tet(M) (tet(M)_X04388)	R0	Clindamycin_resistant
047Cs-CMPN001x03_260114_LH00793_B23GCKKLT3	minocycline	tetracycline	Resistant	2	tet(M) (tet(M)_X04388)	R0	Clindamycin_resistant
047Cs-CMPN001x03_260114_LH00793_B23GCKKLT3	quinupristin	streptogramin b	Resistant	3	erm(B) (erm(B)_U86375), msr(D) (msr(D)_AF274302)	R0	Clindamycin_resistant
047Cs-CMPN001x03_260114_LH00793_B23GCKKLT3	pristinamycin ia	streptogramin b	Resistant	3	erm(B) (erm(B)_U86375), msr(D) (msr(D)_AF274302)	R0	Clindamycin_resistant
047Cs-CMPN001x03_260114_LH00793_B23GCKKLT3	virginiamycin s	streptogramin b	Resistant	3	erm(B) (erm(B)_U86375), msr(D) (msr(D)_AF274302)	R0	Clindamycin_resistant
050Cc-CMPN001x04_260114_LH00793_B23GCKKLT3	lincomycin	lincosamide	Resistant	3	erm(B) (erm(B)_U86375)	R0	Clindamycin_resistant
050Cc-CMPN001x04_260114_LH00793_B23GCKKLT3	clindamycin	lincosamide	Resistant	3	erm(B) (erm(B)_U86375)	R0	Clindamycin_resistant
050Cc-CMPN001x04_260114_LH00793_B23GCKKLT3	erythromycin	macrolide	Resistant	3	erm(B) (erm(B)_U86375)	R0	Clindamycin_resistant
050Cc-CMPN001x04_260114_LH00793_B23GCKKLT3	tetracycline	tetracycline	Resistant	2	tet(M) (tet(M)_X75073)	R0	Clindamycin_resistant
050Cc-CMPN001x04_260114_LH00793_B23GCKKLT3	doxycycline	tetracycline	Resistant	2	tet(M) (tet(M)_X75073)	R0	Clindamycin_resistant
050Cc-CMPN001x04_260114_LH00793_B23GCKKLT3	minocycline	tetracycline	Resistant	2	tet(M) (tet(M)_X75073)	R0	Clindamycin_resistant
050Cc-CMPN001x04_260114_LH00793_B23GCKKLT3	quinupristin	streptogramin b	Resistant	3	erm(B) (erm(B)_U86375)	R0	Clindamycin_resistant
050Cc-CMPN001x04_260114_LH00793_B23GCKKLT3	pristinamycin ia	streptogramin b	Resistant	3	erm(B) (erm(B)_U86375)	R0	Clindamycin_resistant
050Cc-CMPN001x04_260114_LH00793_B23GCKKLT3	virginiamycin s	streptogramin b	Resistant	3	erm(B) (erm(B)_U86375)	R0	Clindamycin_resistant
053Ap-CMPN001x52_260114_LH00793_B23GCKKLT3	tetracycline	tetracycline	Resistant	2	tetA(46) (tetA(46)_HQ652506), tetB(46) (tetB(46)_HQ652506)	R13	Ampicillin_resistant
053Ap-CMPN001x52_260114_LH00793_B23GCKKLT3	doxycycline	tetracycline	Resistant	2	tetA(46) (tetA(46)_HQ652506), tetB(46) (tetB(46)_HQ652506)	R13	Ampicillin_resistant
053Ap-CMPN001x52_260114_LH00793_B23GCKKLT3	tigecycline	tetracycline	Resistant	2	tetA(46) (tetA(46)_HQ652506), tetB(46) (tetB(46)_HQ652506)	R13	Ampicillin_resistant
062Ca-CMPN001x06_260114_LH00793_B23GCKKLT3	lincomycin	lincosamide	Resistant	3	erm(B) (erm(B)_X72021)	R0	Clindamycin_resistant
062Ca-CMPN001x06_260114_LH00793_B23GCKKLT3	clindamycin	lincosamide	Resistant	3	erm(B) (erm(B)_X72021)	R0	Clindamycin_resistant
062Ca-CMPN001x06_260114_LH00793_B23GCKKLT3	erythromycin	macrolide	Resistant	3	erm(B) (erm(B)_X72021)	R0	Clindamycin_resistant
062Ca-CMPN001x06_260114_LH00793_B23GCKKLT3	quinupristin	streptogramin b	Resistant	3	erm(B) (erm(B)_X72021)	R0	Clindamycin_resistant
062Ca-CMPN001x06_260114_LH00793_B23GCKKLT3	pristinamycin ia	streptogramin b	Resistant	3	erm(B) (erm(B)_X72021)	R0	Clindamycin_resistant
062Ca-CMPN001x06_260114_LH00793_B23GCKKLT3	virginiamycin s	streptogramin b	Resistant	3	erm(B) (erm(B)_X72021)	R0	Clindamycin_resistant
066Pp-CMPN001x40_260114_LH00793_B23GCKKLT3	erythromycin	macrolide	Resistant	3	msr(D) (msr(D)_AF274302), mef(A) (mef(A)_U83667)	R11	Penicillin_resistant
066Pp-CMPN001x40_260114_LH00793_B23GCKKLT3	azithromycin	macrolide	Resistant	3	msr(D) (msr(D)_AF274302), mef(A) (mef(A)_U83667)	R11	Penicillin_resistant
066Pp-CMPN001x40_260114_LH00793_B23GCKKLT3	telithromycin	macrolide	Resistant	3	msr(D) (msr(D)_AF274302)	R11	Penicillin_resistant
066Pp-CMPN001x40_260114_LH00793_B23GCKKLT3	tetracycline	tetracycline	Resistant	2	tetA(46) (tetA(46)_HQ652506), tetB(46) (tetB(46)_HQ652506), tet(O) (tet(O)_Y07780)	R11	Penicillin_resistant
066Pp-CMPN001x40_260114_LH00793_B23GCKKLT3	doxycycline	tetracycline	Resistant	2	tetA(46) (tetA(46)_HQ652506), tetB(46) (tetB(46)_HQ652506), tet(O) (tet(O)_Y07780)	R11	Penicillin_resistant
066Pp-CMPN001x40_260114_LH00793_B23GCKKLT3	minocycline	tetracycline	Resistant	2	tet(O) (tet(O)_Y07780)	R11	Penicillin_resistant
066Pp-CMPN001x40_260114_LH00793_B23GCKKLT3	tigecycline	tetracycline	Resistant	2	tetA(46) (tetA(46)_HQ652506), tetB(46) (tetB(46)_HQ652506)	R11	Penicillin_resistant
066Pp-CMPN001x40_260114_LH00793_B23GCKKLT3	quinupristin	streptogramin b	Resistant	3	msr(D) (msr(D)_AF274302)	R11	Penicillin_resistant
066Pp-CMPN001x40_260114_LH00793_B23GCKKLT3	pristinamycin ia	streptogramin b	Resistant	3	msr(D) (msr(D)_AF274302)	R11	Penicillin_resistant
066Pp-CMPN001x40_260114_LH00793_B23GCKKLT3	virginiamycin s	streptogramin b	Resistant	3	msr(D) (msr(D)_AF274302)	R11	Penicillin_resistant
069Cv-CMPN001x07_260114_LH00793_B23GCKKLT3	lincomycin	lincosamide	Resistant	3	erm(B) (erm(B)_U86375)	R0	Clindamycin_resistant
069Cv-CMPN001x07_260114_LH00793_B23GCKKLT3	clindamycin	lincosamide	Resistant	3	erm(B) (erm(B)_U86375)	R0	Clindamycin_resistant
069Cv-CMPN001x07_260114_LH00793_B23GCKKLT3	erythromycin	macrolide	Resistant	3	erm(B) (erm(B)_U86375)	R0	Clindamycin_resistant
069Cv-CMPN001x07_260114_LH00793_B23GCKKLT3	tetracycline	tetracycline	Resistant	2	tet(M) (tet(M)_X92947)	R0	Clindamycin_resistant
069Cv-CMPN001x07_260114_LH00793_B23GCKKLT3	doxycycline	tetracycline	Resistant	2	tet(M) (tet(M)_X92947)	R0	Clindamycin_resistant
069Cv-CMPN001x07_260114_LH00793_B23GCKKLT3	minocycline	tetracycline	Resistant	2	tet(M) (tet(M)_X92947)	R0	Clindamycin_resistant
069Cv-CMPN001x07_260114_LH00793_B23GCKKLT3	quinupristin	streptogramin b	Resistant	3	erm(B) (erm(B)_U86375)	R0	Clindamycin_resistant
069Cv-CMPN001x07_260114_LH00793_B23GCKKLT3	pristinamycin ia	streptogramin b	Resistant	3	erm(B) (erm(B)_U86375)	R0	Clindamycin_resistant
069Cv-CMPN001x07_260114_LH00793_B23GCKKLT3	virginiamycin s	streptogramin b	Resistant	3	erm(B) (erm(B)_U86375)	R0	Clindamycin_resistant
070Ca-CMPN001x08_260114_LH00793_B23GCKKLT3	lincomycin	lincosamide	Resistant	3	erm(B) (erm(B)_U86375)	R0	Clindamycin_resistant
070Ca-CMPN001x08_260114_LH00793_B23GCKKLT3	clindamycin	lincosamide	Resistant	3	erm(B) (erm(B)_U86375)	R0	Clindamycin_resistant
070Ca-CMPN001x08_260114_LH00793_B23GCKKLT3	erythromycin	macrolide	Resistant	3	erm(B) (erm(B)_U86375)	R0	Clindamycin_resistant
070Ca-CMPN001x08_260114_LH00793_B23GCKKLT3	tetracycline	tetracycline	Resistant	3	tet(W) (tet(W)_AJ427422), tet(M) (tet(M)_FR671418)	R0	Clindamycin_resistant
070Ca-CMPN001x08_260114_LH00793_B23GCKKLT3	doxycycline	tetracycline	Resistant	3	tet(W) (tet(W)_AJ427422), tet(M) (tet(M)_FR671418)	R0	Clindamycin_resistant
070Ca-CMPN001x08_260114_LH00793_B23GCKKLT3	minocycline	tetracycline	Resistant	3	tet(W) (tet(W)_AJ427422), tet(M) (tet(M)_FR671418)	R0	Clindamycin_resistant
070Ca-CMPN001x08_260114_LH00793_B23GCKKLT3	quinupristin	streptogramin b	Resistant	3	erm(B) (erm(B)_U86375)	R0	Clindamycin_resistant
070Ca-CMPN001x08_260114_LH00793_B23GCKKLT3	pristinamycin ia	streptogramin b	Resistant	3	erm(B) (erm(B)_U86375)	R0	Clindamycin_resistant
070Ca-CMPN001x08_260114_LH00793_B23GCKKLT3	virginiamycin s	streptogramin b	Resistant	3	erm(B) (erm(B)_U86375)	R0	Clindamycin_resistant
074Ca-CMPN001x09_260114_LH00793_B23GCKKLT3	lincomycin	lincosamide	Resistant	3	erm(B) (erm(B)_U86375)	R0	Clindamycin_resistant
074Ca-CMPN001x09_260114_LH00793_B23GCKKLT3	clindamycin	lincosamide	Resistant	3	erm(B) (erm(B)_U86375)	R0	Clindamycin_resistant
074Ca-CMPN001x09_260114_LH00793_B23GCKKLT3	erythromycin	macrolide	Resistant	3	erm(B) (erm(B)_U86375)	R0	Clindamycin_resistant
074Ca-CMPN001x09_260114_LH00793_B23GCKKLT3	tetracycline	tetracycline	Resistant	2	tet(M) (tet(M)_FR671418)	R0	Clindamycin_resistant
074Ca-CMPN001x09_260114_LH00793_B23GCKKLT3	doxycycline	tetracycline	Resistant	2	tet(M) (tet(M)_FR671418)	R0	Clindamycin_resistant
074Ca-CMPN001x09_260114_LH00793_B23GCKKLT3	minocycline	tetracycline	Resistant	2	tet(M) (tet(M)_FR671418)	R0	Clindamycin_resistant
074Ca-CMPN001x09_260114_LH00793_B23GCKKLT3	quinupristin	streptogramin b	Resistant	3	erm(B) (erm(B)_U86375)	R0	Clindamycin_resistant
074Ca-CMPN001x09_260114_LH00793_B23GCKKLT3	pristinamycin ia	streptogramin b	Resistant	3	erm(B) (erm(B)_U86375)	R0	Clindamycin_resistant
074Ca-CMPN001x09_260114_LH00793_B23GCKKLT3	virginiamycin s	streptogramin b	Resistant	3	erm(B) (erm(B)_U86375)	R0	Clindamycin_resistant
079As-CMPN001x53_260114_LH00793_B23GCKKLT3	lincomycin	lincosamide	Resistant	1	erm(B) (erm(B)_X66468)	R11	Ampicillin_resistant
079As-CMPN001x53_260114_LH00793_B23GCKKLT3	clindamycin	lincosamide	Resistant	1	erm(B) (erm(B)_X66468)	R11	Ampicillin_resistant
079As-CMPN001x53_260114_LH00793_B23GCKKLT3	erythromycin	macrolide	Resistant	1	erm(B) (erm(B)_X66468)	R11	Ampicillin_resistant
079As-CMPN001x53_260114_LH00793_B23GCKKLT3	tetracycline	tetracycline	Resistant	2	tet(M) (tet(M)_X92947)	R11	Ampicillin_resistant
079As-CMPN001x53_260114_LH00793_B23GCKKLT3	doxycycline	tetracycline	Resistant	2	tet(M) (tet(M)_X92947)	R11	Ampicillin_resistant
079As-CMPN001x53_260114_LH00793_B23GCKKLT3	minocycline	tetracycline	Resistant	2	tet(M) (tet(M)_X92947)	R11	Ampicillin_resistant
079As-CMPN001x53_260114_LH00793_B23GCKKLT3	quinupristin	streptogramin b	Resistant	1	erm(B) (erm(B)_X66468)	R11	Ampicillin_resistant
079As-CMPN001x53_260114_LH00793_B23GCKKLT3	pristinamycin ia	streptogramin b	Resistant	1	erm(B) (erm(B)_X66468)	R11	Ampicillin_resistant
079As-CMPN001x53_260114_LH00793_B23GCKKLT3	virginiamycin s	streptogramin b	Resistant	1	erm(B) (erm(B)_X66468)	R11	Ampicillin_resistant
079Cs-CMPN001x10_260114_LH00793_B23GCKKLT3	lincomycin	lincosamide	Resistant	2	erm(B) (erm(B)_X72021), erm(B) (erm(B)_JN899585)	R0	Clindamycin_resistant
079Cs-CMPN001x10_260114_LH00793_B23GCKKLT3	clindamycin	lincosamide	Resistant	2	erm(B) (erm(B)_X72021), erm(B) (erm(B)_JN899585)	R0	Clindamycin_resistant
079Cs-CMPN001x10_260114_LH00793_B23GCKKLT3	erythromycin	macrolide	Resistant	2	erm(B) (erm(B)_X72021), erm(B) (erm(B)_JN899585)	R0	Clindamycin_resistant
079Cs-CMPN001x10_260114_LH00793_B23GCKKLT3	tetracycline	tetracycline	Resistant	2	tet(M) (tet(M)_X92947)	R0	Clindamycin_resistant
079Cs-CMPN001x10_260114_LH00793_B23GCKKLT3	doxycycline	tetracycline	Resistant	2	tet(M) (tet(M)_X92947)	R0	Clindamycin_resistant
079Cs-CMPN001x10_260114_LH00793_B23GCKKLT3	minocycline	tetracycline	Resistant	2	tet(M) (tet(M)_X92947)	R0	Clindamycin_resistant
079Cs-CMPN001x10_260114_LH00793_B23GCKKLT3	quinupristin	streptogramin b	Resistant	2	erm(B) (erm(B)_X72021), erm(B) (erm(B)_JN899585)	R0	Clindamycin_resistant
079Cs-CMPN001x10_260114_LH00793_B23GCKKLT3	pristinamycin ia	streptogramin b	Resistant	2	erm(B) (erm(B)_X72021), erm(B) (erm(B)_JN899585)	R0	Clindamycin_resistant
079Cs-CMPN001x10_260114_LH00793_B23GCKKLT3	virginiamycin s	streptogramin b	Resistant	2	erm(B) (erm(B)_X72021), erm(B) (erm(B)_JN899585)	R0	Clindamycin_resistant
079Ps-CMPN001x41_260114_LH00793_B23GCKKLT3	erythromycin	macrolide	Resistant	3	msr(D) (msr(D)_AF274302), mef(A) (mef(A)_U83667)	R7	Penicillin_resistant
079Ps-CMPN001x41_260114_LH00793_B23GCKKLT3	azithromycin	macrolide	Resistant	3	msr(D) (msr(D)_AF274302), mef(A) (mef(A)_U83667)	R7	Penicillin_resistant
079Ps-CMPN001x41_260114_LH00793_B23GCKKLT3	telithromycin	macrolide	Resistant	2	msr(D) (msr(D)_AF274302)	R7	Penicillin_resistant
079Ps-CMPN001x41_260114_LH00793_B23GCKKLT3	quinupristin	streptogramin b	Resistant	2	msr(D) (msr(D)_AF274302)	R7	Penicillin_resistant
079Ps-CMPN001x41_260114_LH00793_B23GCKKLT3	pristinamycin ia	streptogramin b	Resistant	2	msr(D) (msr(D)_AF274302)	R7	Penicillin_resistant
079Ps-CMPN001x41_260114_LH00793_B23GCKKLT3	virginiamycin s	streptogramin b	Resistant	2	msr(D) (msr(D)_AF274302)	R7	Penicillin_resistant
083Cg-CMPN001x11_260114_LH00793_B23GCKKLT3	lincomycin	lincosamide	Resistant	3	erm(B) (erm(B)_U86375)	R0	Clindamycin_resistant
083Cg-CMPN001x11_260114_LH00793_B23GCKKLT3	clindamycin	lincosamide	Resistant	3	erm(B) (erm(B)_U86375)	R0	Clindamycin_resistant
083Cg-CMPN001x11_260114_LH00793_B23GCKKLT3	erythromycin	macrolide	Resistant	3	erm(B) (erm(B)_U86375)	R0	Clindamycin_resistant
083Cg-CMPN001x11_260114_LH00793_B23GCKKLT3	tetracycline	tetracycline	Resistant	2	tet(M) (tet(M)_X75073)	R0	Clindamycin_resistant
083Cg-CMPN001x11_260114_LH00793_B23GCKKLT3	doxycycline	tetracycline	Resistant	2	tet(M) (tet(M)_X75073)	R0	Clindamycin_resistant
083Cg-CMPN001x11_260114_LH00793_B23GCKKLT3	minocycline	tetracycline	Resistant	2	tet(M) (tet(M)_X75073)	R0	Clindamycin_resistant
083Cg-CMPN001x11_260114_LH00793_B23GCKKLT3	quinupristin	streptogramin b	Resistant	3	erm(B) (erm(B)_U86375)	R0	Clindamycin_resistant
083Cg-CMPN001x11_260114_LH00793_B23GCKKLT3	pristinamycin ia	streptogramin b	Resistant	3	erm(B) (erm(B)_U86375)	R0	Clindamycin_resistant
083Cg-CMPN001x11_260114_LH00793_B23GCKKLT3	virginiamycin s	streptogramin b	Resistant	3	erm(B) (erm(B)_U86375)	R0	Clindamycin_resistant
089Cs-CMPN001x12_260114_LH00793_B23GCKKLT3	lincomycin	lincosamide	Resistant	3	erm(B) (erm(B)_U86375)	R0	Clindamycin_resistant
089Cs-CMPN001x12_260114_LH00793_B23GCKKLT3	clindamycin	lincosamide	Resistant	3	erm(B) (erm(B)_U86375)	R0	Clindamycin_resistant
089Cs-CMPN001x12_260114_LH00793_B23GCKKLT3	erythromycin	macrolide	Resistant	3	erm(B) (erm(B)_U86375)	R0	Clindamycin_resistant
089Cs-CMPN001x12_260114_LH00793_B23GCKKLT3	tetracycline	tetracycline	Resistant	3	tet(M) (tet(M)_AM990992)	R0	Clindamycin_resistant
089Cs-CMPN001x12_260114_LH00793_B23GCKKLT3	doxycycline	tetracycline	Resistant	3	tet(M) (tet(M)_AM990992)	R0	Clindamycin_resistant
089Cs-CMPN001x12_260114_LH00793_B23GCKKLT3	minocycline	tetracycline	Resistant	3	tet(M) (tet(M)_AM990992)	R0	Clindamycin_resistant
089Cs-CMPN001x12_260114_LH00793_B23GCKKLT3	quinupristin	streptogramin b	Resistant	3	erm(B) (erm(B)_U86375)	R0	Clindamycin_resistant
089Cs-CMPN001x12_260114_LH00793_B23GCKKLT3	pristinamycin ia	streptogramin b	Resistant	3	erm(B) (erm(B)_U86375)	R0	Clindamycin_resistant
089Cs-CMPN001x12_260114_LH00793_B23GCKKLT3	virginiamycin s	streptogramin b	Resistant	3	erm(B) (erm(B)_U86375)	R0	Clindamycin_resistant
092Cs-CMPN001x14_260114_LH00793_B23GCKKLT3	lincomycin	lincosamide	Resistant	2	erm(B) (erm(B)_JN899585)	R0	Clindamycin_resistant
092Cs-CMPN001x14_260114_LH00793_B23GCKKLT3	clindamycin	lincosamide	Resistant	2	erm(B) (erm(B)_JN899585)	R0	Clindamycin_resistant
092Cs-CMPN001x14_260114_LH00793_B23GCKKLT3	erythromycin	macrolide	Resistant	3	msr(D) (msr(D)_AF274302), mef(A) (mef(A)_U83667), erm(B) (erm(B)_JN899585)	R0	Clindamycin_resistant
092Cs-CMPN001x14_260114_LH00793_B23GCKKLT3	azithromycin	macrolide	Resistant	3	msr(D) (msr(D)_AF274302), mef(A) (mef(A)_U83667)	R0	Clindamycin_resistant
092Cs-CMPN001x14_260114_LH00793_B23GCKKLT3	telithromycin	macrolide	Resistant	3	msr(D) (msr(D)_AF274302)	R0	Clindamycin_resistant
092Cs-CMPN001x14_260114_LH00793_B23GCKKLT3	tetracycline	tetracycline	Resistant	2	tet(M) (tet(M)_X90939)	R0	Clindamycin_resistant
092Cs-CMPN001x14_260114_LH00793_B23GCKKLT3	doxycycline	tetracycline	Resistant	2	tet(M) (tet(M)_X90939)	R0	Clindamycin_resistant
092Cs-CMPN001x14_260114_LH00793_B23GCKKLT3	minocycline	tetracycline	Resistant	2	tet(M) (tet(M)_X90939)	R0	Clindamycin_resistant
092Cs-CMPN001x14_260114_LH00793_B23GCKKLT3	quinupristin	streptogramin b	Resistant	3	msr(D) (msr(D)_AF274302), erm(B) (erm(B)_JN899585)	R0	Clindamycin_resistant
092Cs-CMPN001x14_260114_LH00793_B23GCKKLT3	pristinamycin ia	streptogramin b	Resistant	3	msr(D) (msr(D)_AF274302), erm(B) (erm(B)_JN899585)	R0	Clindamycin_resistant
092Cs-CMPN001x14_260114_LH00793_B23GCKKLT3	virginiamycin s	streptogramin b	Resistant	3	msr(D) (msr(D)_AF274302), erm(B) (erm(B)_JN899585)	R0	Clindamycin_resistant
094Cm-CMPN001x16_260114_LH00793_B23GCKKLT3	lincomycin	lincosamide	Resistant	1	lsa(C) (lsa(C)_HM990671)	R10	Clindamycin_resistant
094Cm-CMPN001x16_260114_LH00793_B23GCKKLT3	clindamycin	lincosamide	Resistant	1	lsa(C) (lsa(C)_HM990671)	R10	Clindamycin_resistant
094Cm-CMPN001x16_260114_LH00793_B23GCKKLT3	dalfopristin	streptogramin a	Resistant	1	lsa(C) (lsa(C)_HM990671)	R10	Clindamycin_resistant
094Cm-CMPN001x16_260114_LH00793_B23GCKKLT3	pristinamycin iia	streptogramin a	Resistant	1	lsa(C) (lsa(C)_HM990671)	R10	Clindamycin_resistant
094Cm-CMPN001x16_260114_LH00793_B23GCKKLT3	virginiamycin m	streptogramin a	Resistant	1	lsa(C) (lsa(C)_HM990671)	R10	Clindamycin_resistant
094Cm-CMPN001x16_260114_LH00793_B23GCKKLT3	tiamulin	pleuromutilin	Resistant	1	lsa(C) (lsa(C)_HM990671)	R10	Clindamycin_resistant
094Cm-CMPN001x16_260114_LH00793_B23GCKKLT3	erythromycin	macrolide	Resistant	3	msr(D) (msr(D)_AF274302), mef(A) (mef(A)_U83667)	R10	Clindamycin_resistant
094Cm-CMPN001x16_260114_LH00793_B23GCKKLT3	azithromycin	macrolide	Resistant	3	msr(D) (msr(D)_AF274302), mef(A) (mef(A)_U83667)	R10	Clindamycin_resistant
094Cm-CMPN001x16_260114_LH00793_B23GCKKLT3	telithromycin	macrolide	Resistant	3	msr(D) (msr(D)_AF274302)	R10	Clindamycin_resistant
094Cm-CMPN001x16_260114_LH00793_B23GCKKLT3	tetracycline	tetracycline	Resistant	2	tet(M) (tet(M)_FR671418)	R10	Clindamycin_resistant
094Cm-CMPN001x16_260114_LH00793_B23GCKKLT3	doxycycline	tetracycline	Resistant	2	tet(M) (tet(M)_FR671418)	R10	Clindamycin_resistant
094Cm-CMPN001x16_260114_LH00793_B23GCKKLT3	minocycline	tetracycline	Resistant	2	tet(M) (tet(M)_FR671418)	R10	Clindamycin_resistant
094Cm-CMPN001x16_260114_LH00793_B23GCKKLT3	quinupristin	streptogramin b	Resistant	3	msr(D) (msr(D)_AF274302)	R10	Clindamycin_resistant
094Cm-CMPN001x16_260114_LH00793_B23GCKKLT3	pristinamycin ia	streptogramin b	Resistant	3	msr(D) (msr(D)_AF274302)	R10	Clindamycin_resistant
094Cm-CMPN001x16_260114_LH00793_B23GCKKLT3	virginiamycin s	streptogramin b	Resistant	3	msr(D) (msr(D)_AF274302)	R10	Clindamycin_resistant
098Cp-CMPN001x18_260114_LH00793_B23GCKKLT3	lincomycin	lincosamide	Resistant	2	erm(B) (erm(B)_X72021), erm(B) (erm(B)_JN899585)	R8	Clindamycin_resistant
098Cp-CMPN001x18_260114_LH00793_B23GCKKLT3	clindamycin	lincosamide	Resistant	2	erm(B) (erm(B)_X72021), erm(B) (erm(B)_JN899585)	R8	Clindamycin_resistant
098Cp-CMPN001x18_260114_LH00793_B23GCKKLT3	erythromycin	macrolide	Resistant	3	msr(D) (msr(D)_AF274302), mef(A) (mef(A)_U83667), erm(B) (erm(B)_X72021), erm(B) (erm(B)_JN899585)	R8	Clindamycin_resistant
098Cp-CMPN001x18_260114_LH00793_B23GCKKLT3	azithromycin	macrolide	Resistant	3	msr(D) (msr(D)_AF274302), mef(A) (mef(A)_U83667)	R8	Clindamycin_resistant
098Cp-CMPN001x18_260114_LH00793_B23GCKKLT3	telithromycin	macrolide	Resistant	3	msr(D) (msr(D)_AF274302)	R8	Clindamycin_resistant
098Cp-CMPN001x18_260114_LH00793_B23GCKKLT3	tetracycline	tetracycline	Resistant	2	tet(M) (tet(M)_FR671418), tetA(46) (tetA(46)_HQ652506), tetB(46) (tetB(46)_HQ652506)	R8	Clindamycin_resistant
098Cp-CMPN001x18_260114_LH00793_B23GCKKLT3	doxycycline	tetracycline	Resistant	2	tet(M) (tet(M)_FR671418), tetA(46) (tetA(46)_HQ652506), tetB(46) (tetB(46)_HQ652506)	R8	Clindamycin_resistant
098Cp-CMPN001x18_260114_LH00793_B23GCKKLT3	minocycline	tetracycline	Resistant	2	tet(M) (tet(M)_FR671418)	R8	Clindamycin_resistant
098Cp-CMPN001x18_260114_LH00793_B23GCKKLT3	tigecycline	tetracycline	Resistant	2	tetA(46) (tetA(46)_HQ652506), tetB(46) (tetB(46)_HQ652506)	R8	Clindamycin_resistant
098Cp-CMPN001x18_260114_LH00793_B23GCKKLT3	quinupristin	streptogramin b	Resistant	3	msr(D) (msr(D)_AF274302), erm(B) (erm(B)_X72021), erm(B) (erm(B)_JN899585)	R8	Clindamycin_resistant
098Cp-CMPN001x18_260114_LH00793_B23GCKKLT3	pristinamycin ia	streptogramin b	Resistant	3	msr(D) (msr(D)_AF274302), erm(B) (erm(B)_X72021), erm(B) (erm(B)_JN899585)	R8	Clindamycin_resistant
098Cp-CMPN001x18_260114_LH00793_B23GCKKLT3	virginiamycin s	streptogramin b	Resistant	3	msr(D) (msr(D)_AF274302), erm(B) (erm(B)_X72021), erm(B) (erm(B)_JN899585)	R8	Clindamycin_resistant
100Cs-CMPN001x20_260114_LH00793_B23GCKKLT3	lincomycin	lincosamide	Resistant	3	erm(B) (erm(B)_X72021)	R0	Clindamycin_resistant
100Cs-CMPN001x20_260114_LH00793_B23GCKKLT3	clindamycin	lincosamide	Resistant	3	erm(B) (erm(B)_X72021)	R0	Clindamycin_resistant
100Cs-CMPN001x20_260114_LH00793_B23GCKKLT3	erythromycin	macrolide	Resistant	3	erm(B) (erm(B)_X72021)	R0	Clindamycin_resistant
100Cs-CMPN001x20_260114_LH00793_B23GCKKLT3	tetracycline	tetracycline	Resistant	2	tet(M) (tet(M)_FR671418)	R0	Clindamycin_resistant
100Cs-CMPN001x20_260114_LH00793_B23GCKKLT3	doxycycline	tetracycline	Resistant	2	tet(M) (tet(M)_FR671418)	R0	Clindamycin_resistant
100Cs-CMPN001x20_260114_LH00793_B23GCKKLT3	minocycline	tetracycline	Resistant	2	tet(M) (tet(M)_FR671418)	R0	Clindamycin_resistant
100Cs-CMPN001x20_260114_LH00793_B23GCKKLT3	quinupristin	streptogramin b	Resistant	3	erm(B) (erm(B)_X72021)	R0	Clindamycin_resistant
100Cs-CMPN001x20_260114_LH00793_B23GCKKLT3	pristinamycin ia	streptogramin b	Resistant	3	erm(B) (erm(B)_X72021)	R0	Clindamycin_resistant
100Cs-CMPN001x20_260114_LH00793_B23GCKKLT3	virginiamycin s	streptogramin b	Resistant	3	erm(B) (erm(B)_X72021)	R0	Clindamycin_resistant
103Cs-CMPN001x21_260114_LH00793_B23GCKKLT3	lincomycin	lincosamide	Resistant	2	lsa(C) (lsa(C)_HM990671)	R0	Clindamycin_resistant
103Cs-CMPN001x21_260114_LH00793_B23GCKKLT3	clindamycin	lincosamide	Resistant	2	lsa(C) (lsa(C)_HM990671)	R0	Clindamycin_resistant
103Cs-CMPN001x21_260114_LH00793_B23GCKKLT3	dalfopristin	streptogramin a	Resistant	2	lsa(C) (lsa(C)_HM990671)	R0	Clindamycin_resistant
103Cs-CMPN001x21_260114_LH00793_B23GCKKLT3	pristinamycin iia	streptogramin a	Resistant	2	lsa(C) (lsa(C)_HM990671)	R0	Clindamycin_resistant
103Cs-CMPN001x21_260114_LH00793_B23GCKKLT3	virginiamycin m	streptogramin a	Resistant	2	lsa(C) (lsa(C)_HM990671)	R0	Clindamycin_resistant
103Cs-CMPN001x21_260114_LH00793_B23GCKKLT3	tiamulin	pleuromutilin	Resistant	2	lsa(C) (lsa(C)_HM990671)	R0	Clindamycin_resistant
104Ap-CMPN001x55_260114_LH00793_B23GCKKLT3	erythromycin	macrolide	Resistant	3	msr(D) (msr(D)_AF274302), mef(A) (mef(A)_U83667)	R13	Ampicillin_resistant
104Ap-CMPN001x55_260114_LH00793_B23GCKKLT3	azithromycin	macrolide	Resistant	3	msr(D) (msr(D)_AF274302), mef(A) (mef(A)_U83667)	R13	Ampicillin_resistant
104Ap-CMPN001x55_260114_LH00793_B23GCKKLT3	telithromycin	macrolide	Resistant	3	msr(D) (msr(D)_AF274302)	R13	Ampicillin_resistant
104Ap-CMPN001x55_260114_LH00793_B23GCKKLT3	tetracycline	tetracycline	Resistant	2	tetA(46) (tetA(46)_HQ652506), tetB(46) (tetB(46)_HQ652506), tet(O) (tet(O)_M18896)	R13	Ampicillin_resistant
104Ap-CMPN001x55_260114_LH00793_B23GCKKLT3	doxycycline	tetracycline	Resistant	2	tetA(46) (tetA(46)_HQ652506), tetB(46) (tetB(46)_HQ652506), tet(O) (tet(O)_M18896)	R13	Ampicillin_resistant
104Ap-CMPN001x55_260114_LH00793_B23GCKKLT3	minocycline	tetracycline	Resistant	2	tet(O) (tet(O)_M18896)	R13	Ampicillin_resistant
104Ap-CMPN001x55_260114_LH00793_B23GCKKLT3	tigecycline	tetracycline	Resistant	2	tetA(46) (tetA(46)_HQ652506), tetB(46) (tetB(46)_HQ652506)	R13	Ampicillin_resistant
104Ap-CMPN001x55_260114_LH00793_B23GCKKLT3	quinupristin	streptogramin b	Resistant	3	msr(D) (msr(D)_AF274302)	R13	Ampicillin_resistant
104Ap-CMPN001x55_260114_LH00793_B23GCKKLT3	pristinamycin ia	streptogramin b	Resistant	3	msr(D) (msr(D)_AF274302)	R13	Ampicillin_resistant
104Ap-CMPN001x55_260114_LH00793_B23GCKKLT3	virginiamycin s	streptogramin b	Resistant	3	msr(D) (msr(D)_AF274302)	R13	Ampicillin_resistant
104Csv-CMPN001x22_260114_LH00793_B23GCKKLT3	lincomycin	lincosamide	Resistant	2	erm(B) (erm(B)_X72021), erm(B) (erm(B)_JN899585)	R0	Clindamycin_resistant
104Csv-CMPN001x22_260114_LH00793_B23GCKKLT3	clindamycin	lincosamide	Resistant	2	erm(B) (erm(B)_X72021), erm(B) (erm(B)_JN899585)	R0	Clindamycin_resistant
104Csv-CMPN001x22_260114_LH00793_B23GCKKLT3	erythromycin	macrolide	Resistant	2	erm(B) (erm(B)_X72021), erm(B) (erm(B)_JN899585)	R0	Clindamycin_resistant
104Csv-CMPN001x22_260114_LH00793_B23GCKKLT3	tetracycline	tetracycline	Resistant	3	tet(M) (tet(M)_X04388)	R0	Clindamycin_resistant
104Csv-CMPN001x22_260114_LH00793_B23GCKKLT3	doxycycline	tetracycline	Resistant	3	tet(M) (tet(M)_X04388)	R0	Clindamycin_resistant
104Csv-CMPN001x22_260114_LH00793_B23GCKKLT3	minocycline	tetracycline	Resistant	3	tet(M) (tet(M)_X04388)	R0	Clindamycin_resistant
104Csv-CMPN001x22_260114_LH00793_B23GCKKLT3	quinupristin	streptogramin b	Resistant	2	erm(B) (erm(B)_X72021), erm(B) (erm(B)_JN899585)	R0	Clindamycin_resistant
104Csv-CMPN001x22_260114_LH00793_B23GCKKLT3	pristinamycin ia	streptogramin b	Resistant	2	erm(B) (erm(B)_X72021), erm(B) (erm(B)_JN899585)	R0	Clindamycin_resistant
104Csv-CMPN001x22_260114_LH00793_B23GCKKLT3	virginiamycin s	streptogramin b	Resistant	2	erm(B) (erm(B)_X72021), erm(B) (erm(B)_JN899585)	R0	Clindamycin_resistant
105Cc-CMPN001x23_260114_LH00793_B23GCKKLT3	lincomycin	lincosamide	Resistant	3	erm(B) (erm(B)_X72021)	R0	Clindamycin_resistant
105Cc-CMPN001x23_260114_LH00793_B23GCKKLT3	clindamycin	lincosamide	Resistant	3	erm(B) (erm(B)_X72021)	R0	Clindamycin_resistant
105Cc-CMPN001x23_260114_LH00793_B23GCKKLT3	erythromycin	macrolide	Resistant	3	erm(B) (erm(B)_X72021)	R0	Clindamycin_resistant
105Cc-CMPN001x23_260114_LH00793_B23GCKKLT3	tetracycline	tetracycline	Resistant	2	tet(M) (tet(M)_X90939)	R0	Clindamycin_resistant
105Cc-CMPN001x23_260114_LH00793_B23GCKKLT3	doxycycline	tetracycline	Resistant	2	tet(M) (tet(M)_X90939)	R0	Clindamycin_resistant
105Cc-CMPN001x23_260114_LH00793_B23GCKKLT3	minocycline	tetracycline	Resistant	2	tet(M) (tet(M)_X90939)	R0	Clindamycin_resistant
105Cc-CMPN001x23_260114_LH00793_B23GCKKLT3	quinupristin	streptogramin b	Resistant	3	erm(B) (erm(B)_X72021)	R0	Clindamycin_resistant
105Cc-CMPN001x23_260114_LH00793_B23GCKKLT3	pristinamycin ia	streptogramin b	Resistant	3	erm(B) (erm(B)_X72021)	R0	Clindamycin_resistant
105Cc-CMPN001x23_260114_LH00793_B23GCKKLT3	virginiamycin s	streptogramin b	Resistant	3	erm(B) (erm(B)_X72021)	R0	Clindamycin_resistant
108Cap-CMPN001x24_260114_LH00793_B23GCKKLT3	lincomycin	lincosamide	Resistant	3	erm(B) (erm(B)_X72021)	R0	Clindamycin_resistant
108Cap-CMPN001x24_260114_LH00793_B23GCKKLT3	clindamycin	lincosamide	Resistant	3	erm(B) (erm(B)_X72021)	R0	Clindamycin_resistant
108Cap-CMPN001x24_260114_LH00793_B23GCKKLT3	erythromycin	macrolide	Resistant	3	erm(B) (erm(B)_X72021)	R0	Clindamycin_resistant
108Cap-CMPN001x24_260114_LH00793_B23GCKKLT3	tetracycline	tetracycline	Resistant	2	tet(M) (tet(M)_FR671418)	R0	Clindamycin_resistant
108Cap-CMPN001x24_260114_LH00793_B23GCKKLT3	doxycycline	tetracycline	Resistant	2	tet(M) (tet(M)_FR671418)	R0	Clindamycin_resistant
108Cap-CMPN001x24_260114_LH00793_B23GCKKLT3	minocycline	tetracycline	Resistant	2	tet(M) (tet(M)_FR671418)	R0	Clindamycin_resistant
108Cap-CMPN001x24_260114_LH00793_B23GCKKLT3	quinupristin	streptogramin b	Resistant	3	erm(B) (erm(B)_X72021)	R0	Clindamycin_resistant
108Cap-CMPN001x24_260114_LH00793_B23GCKKLT3	pristinamycin ia	streptogramin b	Resistant	3	erm(B) (erm(B)_X72021)	R0	Clindamycin_resistant
108Cap-CMPN001x24_260114_LH00793_B23GCKKLT3	virginiamycin s	streptogramin b	Resistant	3	erm(B) (erm(B)_X72021)	R0	Clindamycin_resistant
108Cv-CMPN001x25_260114_LH00793_B23GCKKLT3	lincomycin	lincosamide	Resistant	3	erm(B) (erm(B)_U86375)	R0	Clindamycin_resistant
108Cv-CMPN001x25_260114_LH00793_B23GCKKLT3	clindamycin	lincosamide	Resistant	3	erm(B) (erm(B)_U86375)	R0	Clindamycin_resistant
108Cv-CMPN001x25_260114_LH00793_B23GCKKLT3	erythromycin	macrolide	Resistant	3	erm(B) (erm(B)_U86375)	R0	Clindamycin_resistant
108Cv-CMPN001x25_260114_LH00793_B23GCKKLT3	tetracycline	tetracycline	Resistant	2	tet(M) (tet(M)_X92947)	R0	Clindamycin_resistant
108Cv-CMPN001x25_260114_LH00793_B23GCKKLT3	doxycycline	tetracycline	Resistant	2	tet(M) (tet(M)_X92947)	R0	Clindamycin_resistant
108Cv-CMPN001x25_260114_LH00793_B23GCKKLT3	minocycline	tetracycline	Resistant	2	tet(M) (tet(M)_X92947)	R0	Clindamycin_resistant
108Cv-CMPN001x25_260114_LH00793_B23GCKKLT3	quinupristin	streptogramin b	Resistant	3	erm(B) (erm(B)_U86375)	R0	Clindamycin_resistant
108Cv-CMPN001x25_260114_LH00793_B23GCKKLT3	pristinamycin ia	streptogramin b	Resistant	3	erm(B) (erm(B)_U86375)	R0	Clindamycin_resistant
108Cv-CMPN001x25_260114_LH00793_B23GCKKLT3	virginiamycin s	streptogramin b	Resistant	3	erm(B) (erm(B)_U86375)	R0	Clindamycin_resistant
110Am-CMPN001x56_260114_LH00793_B23GCKKLT3	erythromycin	macrolide	Resistant	3	msr(D) (msr(D)_AF274302), mef(A) (mef(A)_U83667)	R8	Ampicillin_resistant
110Am-CMPN001x56_260114_LH00793_B23GCKKLT3	azithromycin	macrolide	Resistant	3	msr(D) (msr(D)_AF274302), mef(A) (mef(A)_U83667)	R8	Ampicillin_resistant
110Am-CMPN001x56_260114_LH00793_B23GCKKLT3	telithromycin	macrolide	Resistant	3	msr(D) (msr(D)_AF274302)	R8	Ampicillin_resistant
110Am-CMPN001x56_260114_LH00793_B23GCKKLT3	quinupristin	streptogramin b	Resistant	3	msr(D) (msr(D)_AF274302)	R8	Ampicillin_resistant
110Am-CMPN001x56_260114_LH00793_B23GCKKLT3	pristinamycin ia	streptogramin b	Resistant	3	msr(D) (msr(D)_AF274302)	R8	Ampicillin_resistant
110Am-CMPN001x56_260114_LH00793_B23GCKKLT3	virginiamycin s	streptogramin b	Resistant	3	msr(D) (msr(D)_AF274302)	R8	Ampicillin_resistant
110Ca-CMPN001x26_260114_LH00793_B23GCKKLT3	lincomycin	lincosamide	Resistant	3	erm(B) (erm(B)_U86375)	R0	Clindamycin_resistant
110Ca-CMPN001x26_260114_LH00793_B23GCKKLT3	clindamycin	lincosamide	Resistant	3	erm(B) (erm(B)_U86375)	R0	Clindamycin_resistant
110Ca-CMPN001x26_260114_LH00793_B23GCKKLT3	erythromycin	macrolide	Resistant	3	erm(B) (erm(B)_U86375)	R0	Clindamycin_resistant
110Ca-CMPN001x26_260114_LH00793_B23GCKKLT3	tetracycline	tetracycline	Resistant	2	tet(M) (tet(M)_FR671418)	R0	Clindamycin_resistant
110Ca-CMPN001x26_260114_LH00793_B23GCKKLT3	doxycycline	tetracycline	Resistant	2	tet(M) (tet(M)_FR671418)	R0	Clindamycin_resistant
110Ca-CMPN001x26_260114_LH00793_B23GCKKLT3	minocycline	tetracycline	Resistant	2	tet(M) (tet(M)_FR671418)	R0	Clindamycin_resistant
110Ca-CMPN001x26_260114_LH00793_B23GCKKLT3	quinupristin	streptogramin b	Resistant	3	erm(B) (erm(B)_U86375)	R0	Clindamycin_resistant
110Ca-CMPN001x26_260114_LH00793_B23GCKKLT3	pristinamycin ia	streptogramin b	Resistant	3	erm(B) (erm(B)_U86375)	R0	Clindamycin_resistant
110Ca-CMPN001x26_260114_LH00793_B23GCKKLT3	virginiamycin s	streptogramin b	Resistant	3	erm(B) (erm(B)_U86375)	R0	Clindamycin_resistant
110Cm-CMPN001x27_260114_LH00793_B23GCKKLT3	lincomycin	lincosamide	Resistant	2	lsa(C) (lsa(C)_HM990671), erm(B) (erm(B)_X72021), erm(B) (erm(B)_JN899585)	R0	Clindamycin_resistant
110Cm-CMPN001x27_260114_LH00793_B23GCKKLT3	clindamycin	lincosamide	Resistant	2	lsa(C) (lsa(C)_HM990671), erm(B) (erm(B)_X72021), erm(B) (erm(B)_JN899585)	R0	Clindamycin_resistant
110Cm-CMPN001x27_260114_LH00793_B23GCKKLT3	dalfopristin	streptogramin a	Resistant	2	lsa(C) (lsa(C)_HM990671)	R0	Clindamycin_resistant
110Cm-CMPN001x27_260114_LH00793_B23GCKKLT3	pristinamycin iia	streptogramin a	Resistant	2	lsa(C) (lsa(C)_HM990671)	R0	Clindamycin_resistant
110Cm-CMPN001x27_260114_LH00793_B23GCKKLT3	virginiamycin m	streptogramin a	Resistant	2	lsa(C) (lsa(C)_HM990671)	R0	Clindamycin_resistant
110Cm-CMPN001x27_260114_LH00793_B23GCKKLT3	tiamulin	pleuromutilin	Resistant	2	lsa(C) (lsa(C)_HM990671)	R0	Clindamycin_resistant
110Cm-CMPN001x27_260114_LH00793_B23GCKKLT3	erythromycin	macrolide	Resistant	3	msr(D) (msr(D)_AF274302), mef(A) (mef(A)_U83667), erm(B) (erm(B)_X72021), erm(B) (erm(B)_JN899585)	R0	Clindamycin_resistant
110Cm-CMPN001x27_260114_LH00793_B23GCKKLT3	azithromycin	macrolide	Resistant	3	msr(D) (msr(D)_AF274302), mef(A) (mef(A)_U83667)	R0	Clindamycin_resistant
110Cm-CMPN001x27_260114_LH00793_B23GCKKLT3	telithromycin	macrolide	Resistant	3	msr(D) (msr(D)_AF274302)	R0	Clindamycin_resistant
110Cm-CMPN001x27_260114_LH00793_B23GCKKLT3	tetracycline	tetracycline	Resistant	2	tet(M) (tet(M)_FR671418)	R0	Clindamycin_resistant
110Cm-CMPN001x27_260114_LH00793_B23GCKKLT3	doxycycline	tetracycline	Resistant	2	tet(M) (tet(M)_FR671418)	R0	Clindamycin_resistant
110Cm-CMPN001x27_260114_LH00793_B23GCKKLT3	minocycline	tetracycline	Resistant	2	tet(M) (tet(M)_FR671418)	R0	Clindamycin_resistant
110Cm-CMPN001x27_260114_LH00793_B23GCKKLT3	quinupristin	streptogramin b	Resistant	3	msr(D) (msr(D)_AF274302), erm(B) (erm(B)_X72021), erm(B) (erm(B)_JN899585)	R0	Clindamycin_resistant
110Cm-CMPN001x27_260114_LH00793_B23GCKKLT3	pristinamycin ia	streptogramin b	Resistant	3	msr(D) (msr(D)_AF274302), erm(B) (erm(B)_X72021), erm(B) (erm(B)_JN899585)	R0	Clindamycin_resistant
110Cm-CMPN001x27_260114_LH00793_B23GCKKLT3	virginiamycin s	streptogramin b	Resistant	3	msr(D) (msr(D)_AF274302), erm(B) (erm(B)_X72021), erm(B) (erm(B)_JN899585)	R0	Clindamycin_resistant
111Ap-CMPN001x58_260114_LH00793_B23GCKKLT3	erythromycin	macrolide	Resistant	2	msr(D) (msr(D)_AF274302), mef(A) (mef(A)_U83667)	R0	Ampicillin_resistant
111Ap-CMPN001x58_260114_LH00793_B23GCKKLT3	azithromycin	macrolide	Resistant	2	msr(D) (msr(D)_AF274302), mef(A) (mef(A)_U83667)	R0	Ampicillin_resistant
111Ap-CMPN001x58_260114_LH00793_B23GCKKLT3	telithromycin	macrolide	Resistant	2	msr(D) (msr(D)_AF274302)	R0	Ampicillin_resistant
111Ap-CMPN001x58_260114_LH00793_B23GCKKLT3	tetracycline	tetracycline	Resistant	2	tetA(46) (tetA(46)_HQ652506), tetB(46) (tetB(46)_HQ652506)	R0	Ampicillin_resistant
111Ap-CMPN001x58_260114_LH00793_B23GCKKLT3	doxycycline	tetracycline	Resistant	2	tetA(46) (tetA(46)_HQ652506), tetB(46) (tetB(46)_HQ652506)	R0	Ampicillin_resistant
111Ap-CMPN001x58_260114_LH00793_B23GCKKLT3	tigecycline	tetracycline	Resistant	2	tetA(46) (tetA(46)_HQ652506), tetB(46) (tetB(46)_HQ652506)	R0	Ampicillin_resistant
111Ap-CMPN001x58_260114_LH00793_B23GCKKLT3	quinupristin	streptogramin b	Resistant	2	msr(D) (msr(D)_AF274302)	R0	Ampicillin_resistant
111Ap-CMPN001x58_260114_LH00793_B23GCKKLT3	pristinamycin ia	streptogramin b	Resistant	2	msr(D) (msr(D)_AF274302)	R0	Ampicillin_resistant
111Ap-CMPN001x58_260114_LH00793_B23GCKKLT3	virginiamycin s	streptogramin b	Resistant	2	msr(D) (msr(D)_AF274302)	R0	Ampicillin_resistant
112Csv-CMPN001x28_260114_LH00793_B23GCKKLT3	lincomycin	lincosamide	Resistant	3	erm(B) (erm(B)_U86375)	R0	Clindamycin_resistant
112Csv-CMPN001x28_260114_LH00793_B23GCKKLT3	clindamycin	lincosamide	Resistant	3	erm(B) (erm(B)_U86375)	R0	Clindamycin_resistant
112Csv-CMPN001x28_260114_LH00793_B23GCKKLT3	erythromycin	macrolide	Resistant	3	erm(B) (erm(B)_U86375)	R0	Clindamycin_resistant
112Csv-CMPN001x28_260114_LH00793_B23GCKKLT3	tetracycline	tetracycline	Resistant	2	tet(M) (tet(M)_X75073)	R0	Clindamycin_resistant
112Csv-CMPN001x28_260114_LH00793_B23GCKKLT3	doxycycline	tetracycline	Resistant	2	tet(M) (tet(M)_X75073)	R0	Clindamycin_resistant
112Csv-CMPN001x28_260114_LH00793_B23GCKKLT3	minocycline	tetracycline	Resistant	2	tet(M) (tet(M)_X75073)	R0	Clindamycin_resistant
112Csv-CMPN001x28_260114_LH00793_B23GCKKLT3	quinupristin	streptogramin b	Resistant	3	erm(B) (erm(B)_U86375)	R0	Clindamycin_resistant
112Csv-CMPN001x28_260114_LH00793_B23GCKKLT3	pristinamycin ia	streptogramin b	Resistant	3	erm(B) (erm(B)_U86375)	R0	Clindamycin_resistant
112Csv-CMPN001x28_260114_LH00793_B23GCKKLT3	virginiamycin s	streptogramin b	Resistant	3	erm(B) (erm(B)_U86375)	R0	Clindamycin_resistant
113Ap-CMPN001x59_260114_LH00793_B23GCKKLT3	erythromycin	macrolide	Resistant	3	msr(D) (msr(D)_AF274302), mef(A) (mef(A)_U83667)	R0	Ampicillin_resistant
113Ap-CMPN001x59_260114_LH00793_B23GCKKLT3	azithromycin	macrolide	Resistant	3	msr(D) (msr(D)_AF274302), mef(A) (mef(A)_U83667)	R0	Ampicillin_resistant
113Ap-CMPN001x59_260114_LH00793_B23GCKKLT3	telithromycin	macrolide	Resistant	3	msr(D) (msr(D)_AF274302)	R0	Ampicillin_resistant
113Ap-CMPN001x59_260114_LH00793_B23GCKKLT3	tetracycline	tetracycline	Resistant	2	tetA(46) (tetA(46)_HQ652506), tetB(46) (tetB(46)_HQ652506)	R0	Ampicillin_resistant
113Ap-CMPN001x59_260114_LH00793_B23GCKKLT3	doxycycline	tetracycline	Resistant	2	tetA(46) (tetA(46)_HQ652506), tetB(46) (tetB(46)_HQ652506)	R0	Ampicillin_resistant
113Ap-CMPN001x59_260114_LH00793_B23GCKKLT3	tigecycline	tetracycline	Resistant	2	tetA(46) (tetA(46)_HQ652506), tetB(46) (tetB(46)_HQ652506)	R0	Ampicillin_resistant
113Ap-CMPN001x59_260114_LH00793_B23GCKKLT3	quinupristin	streptogramin b	Resistant	3	msr(D) (msr(D)_AF274302)	R0	Ampicillin_resistant
113Ap-CMPN001x59_260114_LH00793_B23GCKKLT3	pristinamycin ia	streptogramin b	Resistant	3	msr(D) (msr(D)_AF274302)	R0	Ampicillin_resistant
113Ap-CMPN001x59_260114_LH00793_B23GCKKLT3	virginiamycin s	streptogramin b	Resistant	3	msr(D) (msr(D)_AF274302)	R0	Ampicillin_resistant
113Cp-CMPN001x29_260114_LH00793_B23GCKKLT3	lincomycin	lincosamide	Resistant	2	erm(B) (erm(B)_X72021), erm(B) (erm(B)_JN899585)	R0	Clindamycin_resistant
113Cp-CMPN001x29_260114_LH00793_B23GCKKLT3	clindamycin	lincosamide	Resistant	2	erm(B) (erm(B)_X72021), erm(B) (erm(B)_JN899585)	R0	Clindamycin_resistant
113Cp-CMPN001x29_260114_LH00793_B23GCKKLT3	erythromycin	macrolide	Resistant	2	erm(B) (erm(B)_X72021), erm(B) (erm(B)_JN899585)	R0	Clindamycin_resistant
113Cp-CMPN001x29_260114_LH00793_B23GCKKLT3	tetracycline	tetracycline	Resistant	3	tet(M) (tet(M)_X04388), tetA(46) (tetA(46)_HQ652506), tetB(46) (tetB(46)_HQ652506)	R0	Clindamycin_resistant
113Cp-CMPN001x29_260114_LH00793_B23GCKKLT3	doxycycline	tetracycline	Resistant	3	tet(M) (tet(M)_X04388), tetA(46) (tetA(46)_HQ652506), tetB(46) (tetB(46)_HQ652506)	R0	Clindamycin_resistant
113Cp-CMPN001x29_260114_LH00793_B23GCKKLT3	minocycline	tetracycline	Resistant	3	tet(M) (tet(M)_X04388)	R0	Clindamycin_resistant
113Cp-CMPN001x29_260114_LH00793_B23GCKKLT3	tigecycline	tetracycline	Resistant	2	tetA(46) (tetA(46)_HQ652506), tetB(46) (tetB(46)_HQ652506)	R0	Clindamycin_resistant
113Cp-CMPN001x29_260114_LH00793_B23GCKKLT3	quinupristin	streptogramin b	Resistant	2	erm(B) (erm(B)_X72021), erm(B) (erm(B)_JN899585)	R0	Clindamycin_resistant
113Cp-CMPN001x29_260114_LH00793_B23GCKKLT3	pristinamycin ia	streptogramin b	Resistant	2	erm(B) (erm(B)_X72021), erm(B) (erm(B)_JN899585)	R0	Clindamycin_resistant
113Cp-CMPN001x29_260114_LH00793_B23GCKKLT3	virginiamycin s	streptogramin b	Resistant	2	erm(B) (erm(B)_X72021), erm(B) (erm(B)_JN899585)	R0	Clindamycin_resistant
113Pp-CMPN001x44_260114_LH00793_B23GCKKLT3	erythromycin	macrolide	Resistant	3	msr(D) (msr(D)_AF274302), mef(A) (mef(A)_U83667)	R7	Penicillin_resistant
113Pp-CMPN001x44_260114_LH00793_B23GCKKLT3	azithromycin	macrolide	Resistant	3	msr(D) (msr(D)_AF274302), mef(A) (mef(A)_U83667)	R7	Penicillin_resistant
113Pp-CMPN001x44_260114_LH00793_B23GCKKLT3	telithromycin	macrolide	Resistant	3	msr(D) (msr(D)_AF274302)	R7	Penicillin_resistant
113Pp-CMPN001x44_260114_LH00793_B23GCKKLT3	tetracycline	tetracycline	Resistant	2	tetA(46) (tetA(46)_HQ652506), tetB(46) (tetB(46)_HQ652506)	R7	Penicillin_resistant
113Pp-CMPN001x44_260114_LH00793_B23GCKKLT3	doxycycline	tetracycline	Resistant	2	tetA(46) (tetA(46)_HQ652506), tetB(46) (tetB(46)_HQ652506)	R7	Penicillin_resistant
113Pp-CMPN001x44_260114_LH00793_B23GCKKLT3	tigecycline	tetracycline	Resistant	2	tetA(46) (tetA(46)_HQ652506), tetB(46) (tetB(46)_HQ652506)	R7	Penicillin_resistant
113Pp-CMPN001x44_260114_LH00793_B23GCKKLT3	quinupristin	streptogramin b	Resistant	3	msr(D) (msr(D)_AF274302)	R7	Penicillin_resistant
113Pp-CMPN001x44_260114_LH00793_B23GCKKLT3	pristinamycin ia	streptogramin b	Resistant	3	msr(D) (msr(D)_AF274302)	R7	Penicillin_resistant
113Pp-CMPN001x44_260114_LH00793_B23GCKKLT3	virginiamycin s	streptogramin b	Resistant	3	msr(D) (msr(D)_AF274302)	R7	Penicillin_resistant
114Cim-CMPN001x30_260114_LH00793_B23GCKKLT3	lincomycin	lincosamide	Resistant	2	lsa(C) (lsa(C)_HM990671)	R16	Clindamycin_resistant
114Cim-CMPN001x30_260114_LH00793_B23GCKKLT3	clindamycin	lincosamide	Resistant	2	lsa(C) (lsa(C)_HM990671)	R16	Clindamycin_resistant
114Cim-CMPN001x30_260114_LH00793_B23GCKKLT3	dalfopristin	streptogramin a	Resistant	2	lsa(C) (lsa(C)_HM990671)	R16	Clindamycin_resistant
114Cim-CMPN001x30_260114_LH00793_B23GCKKLT3	pristinamycin iia	streptogramin a	Resistant	2	lsa(C) (lsa(C)_HM990671)	R16	Clindamycin_resistant
114Cim-CMPN001x30_260114_LH00793_B23GCKKLT3	virginiamycin m	streptogramin a	Resistant	2	lsa(C) (lsa(C)_HM990671)	R16	Clindamycin_resistant
114Cim-CMPN001x30_260114_LH00793_B23GCKKLT3	tiamulin	pleuromutilin	Resistant	2	lsa(C) (lsa(C)_HM990671)	R16	Clindamycin_resistant
114Cim-CMPN001x30_260114_LH00793_B23GCKKLT3	erythromycin	macrolide	Resistant	3	msr(D) (msr(D)_AF274302), mef(A) (mef(A)_U83667)	R16	Clindamycin_resistant
114Cim-CMPN001x30_260114_LH00793_B23GCKKLT3	azithromycin	macrolide	Resistant	3	msr(D) (msr(D)_AF274302), mef(A) (mef(A)_U83667)	R16	Clindamycin_resistant
114Cim-CMPN001x30_260114_LH00793_B23GCKKLT3	telithromycin	macrolide	Resistant	3	msr(D) (msr(D)_AF274302)	R16	Clindamycin_resistant
114Cim-CMPN001x30_260114_LH00793_B23GCKKLT3	tetracycline	tetracycline	Resistant	3	tet(M) (tet(M)_AM990992)	R16	Clindamycin_resistant
114Cim-CMPN001x30_260114_LH00793_B23GCKKLT3	doxycycline	tetracycline	Resistant	3	tet(M) (tet(M)_AM990992)	R16	Clindamycin_resistant
114Cim-CMPN001x30_260114_LH00793_B23GCKKLT3	minocycline	tetracycline	Resistant	3	tet(M) (tet(M)_AM990992)	R16	Clindamycin_resistant
114Cim-CMPN001x30_260114_LH00793_B23GCKKLT3	quinupristin	streptogramin b	Resistant	3	msr(D) (msr(D)_AF274302)	R16	Clindamycin_resistant
114Cim-CMPN001x30_260114_LH00793_B23GCKKLT3	pristinamycin ia	streptogramin b	Resistant	3	msr(D) (msr(D)_AF274302)	R16	Clindamycin_resistant
114Cim-CMPN001x30_260114_LH00793_B23GCKKLT3	virginiamycin s	streptogramin b	Resistant	3	msr(D) (msr(D)_AF274302)	R16	Clindamycin_resistant
116mi-CMPN001x92_260114_LH00793_B23GCKKLT3	erythromycin	macrolide	Resistant	3	msr(D) (msr(D)_AF274302), mef(A) (mef(A)_U83667)	NA	NA
116mi-CMPN001x92_260114_LH00793_B23GCKKLT3	azithromycin	macrolide	Resistant	3	msr(D) (msr(D)_AF274302), mef(A) (mef(A)_U83667)	NA	NA
116mi-CMPN001x92_260114_LH00793_B23GCKKLT3	telithromycin	macrolide	Resistant	3	msr(D) (msr(D)_AF274302)	NA	NA
116mi-CMPN001x92_260114_LH00793_B23GCKKLT3	tetracycline	tetracycline	Resistant	2	tet(M) (tet(M)_FR671418)	NA	NA
116mi-CMPN001x92_260114_LH00793_B23GCKKLT3	doxycycline	tetracycline	Resistant	2	tet(M) (tet(M)_FR671418)	NA	NA
116mi-CMPN001x92_260114_LH00793_B23GCKKLT3	minocycline	tetracycline	Resistant	2	tet(M) (tet(M)_FR671418)	NA	NA
116mi-CMPN001x92_260114_LH00793_B23GCKKLT3	quinupristin	streptogramin b	Resistant	3	msr(D) (msr(D)_AF274302)	NA	NA
116mi-CMPN001x92_260114_LH00793_B23GCKKLT3	pristinamycin ia	streptogramin b	Resistant	3	msr(D) (msr(D)_AF274302)	NA	NA
116mi-CMPN001x92_260114_LH00793_B23GCKKLT3	virginiamycin s	streptogramin b	Resistant	3	msr(D) (msr(D)_AF274302)	NA	NA
118Ap-CMPN001x60_260114_LH00793_B23GCKKLT3	erythromycin	macrolide	Resistant	3	msr(D) (msr(D)_AF274302), mef(A) (mef(A)_U83667)	R9	Ampicillin_resistant
118Ap-CMPN001x60_260114_LH00793_B23GCKKLT3	azithromycin	macrolide	Resistant	3	msr(D) (msr(D)_AF274302), mef(A) (mef(A)_U83667)	R9	Ampicillin_resistant
118Ap-CMPN001x60_260114_LH00793_B23GCKKLT3	telithromycin	macrolide	Resistant	3	msr(D) (msr(D)_AF274302)	R9	Ampicillin_resistant
118Ap-CMPN001x60_260114_LH00793_B23GCKKLT3	tetracycline	tetracycline	Resistant	2	tet(M) (tet(M)_X75073), tetA(46) (tetA(46)_HQ652506), tetB(46) (tetB(46)_HQ652506)	R9	Ampicillin_resistant
118Ap-CMPN001x60_260114_LH00793_B23GCKKLT3	doxycycline	tetracycline	Resistant	2	tet(M) (tet(M)_X75073), tetA(46) (tetA(46)_HQ652506), tetB(46) (tetB(46)_HQ652506)	R9	Ampicillin_resistant
118Ap-CMPN001x60_260114_LH00793_B23GCKKLT3	minocycline	tetracycline	Resistant	2	tet(M) (tet(M)_X75073)	R9	Ampicillin_resistant
118Ap-CMPN001x60_260114_LH00793_B23GCKKLT3	tigecycline	tetracycline	Resistant	2	tetA(46) (tetA(46)_HQ652506), tetB(46) (tetB(46)_HQ652506)	R9	Ampicillin_resistant
118Ap-CMPN001x60_260114_LH00793_B23GCKKLT3	quinupristin	streptogramin b	Resistant	3	msr(D) (msr(D)_AF274302)	R9	Ampicillin_resistant
118Ap-CMPN001x60_260114_LH00793_B23GCKKLT3	pristinamycin ia	streptogramin b	Resistant	3	msr(D) (msr(D)_AF274302)	R9	Ampicillin_resistant
118Ap-CMPN001x60_260114_LH00793_B23GCKKLT3	virginiamycin s	streptogramin b	Resistant	3	msr(D) (msr(D)_AF274302)	R9	Ampicillin_resistant
118Cim-CMPN001x31_260114_LH00793_B23GCKKLT3	lincomycin	lincosamide	Resistant	3	erm(B) (erm(B)_U86375)	R16	Clindamycin_resistant
118Cim-CMPN001x31_260114_LH00793_B23GCKKLT3	clindamycin	lincosamide	Resistant	3	erm(B) (erm(B)_U86375)	R16	Clindamycin_resistant
118Cim-CMPN001x31_260114_LH00793_B23GCKKLT3	erythromycin	macrolide	Resistant	3	erm(B) (erm(B)_U86375)	R16	Clindamycin_resistant
118Cim-CMPN001x31_260114_LH00793_B23GCKKLT3	tetracycline	tetracycline	Resistant	2	tet(M) (tet(M)_X92947)	R16	Clindamycin_resistant
118Cim-CMPN001x31_260114_LH00793_B23GCKKLT3	doxycycline	tetracycline	Resistant	2	tet(M) (tet(M)_X92947)	R16	Clindamycin_resistant
118Cim-CMPN001x31_260114_LH00793_B23GCKKLT3	minocycline	tetracycline	Resistant	2	tet(M) (tet(M)_X92947)	R16	Clindamycin_resistant
118Cim-CMPN001x31_260114_LH00793_B23GCKKLT3	quinupristin	streptogramin b	Resistant	3	erm(B) (erm(B)_U86375)	R16	Clindamycin_resistant
118Cim-CMPN001x31_260114_LH00793_B23GCKKLT3	pristinamycin ia	streptogramin b	Resistant	3	erm(B) (erm(B)_U86375)	R16	Clindamycin_resistant
118Cim-CMPN001x31_260114_LH00793_B23GCKKLT3	virginiamycin s	streptogramin b	Resistant	3	erm(B) (erm(B)_U86375)	R16	Clindamycin_resistant
118Pim-CMPN001x45_260114_LH00793_B23GCKKLT3	lincomycin	lincosamide	Resistant	3	erm(B) (erm(B)_U86375)	R10	Penicillin_resistant
118Pim-CMPN001x45_260114_LH00793_B23GCKKLT3	clindamycin	lincosamide	Resistant	3	erm(B) (erm(B)_U86375)	R10	Penicillin_resistant
118Pim-CMPN001x45_260114_LH00793_B23GCKKLT3	erythromycin	macrolide	Resistant	3	msr(D) (msr(D)_AF274302), mef(A) (mef(A)_U83667), erm(B) (erm(B)_U86375)	R10	Penicillin_resistant
118Pim-CMPN001x45_260114_LH00793_B23GCKKLT3	azithromycin	macrolide	Resistant	3	msr(D) (msr(D)_AF274302), mef(A) (mef(A)_U83667)	R10	Penicillin_resistant
118Pim-CMPN001x45_260114_LH00793_B23GCKKLT3	telithromycin	macrolide	Resistant	3	msr(D) (msr(D)_AF274302)	R10	Penicillin_resistant
118Pim-CMPN001x45_260114_LH00793_B23GCKKLT3	tetracycline	tetracycline	Resistant	2	tet(M) (tet(M)_X92947)	R10	Penicillin_resistant
118Pim-CMPN001x45_260114_LH00793_B23GCKKLT3	doxycycline	tetracycline	Resistant	2	tet(M) (tet(M)_X92947)	R10	Penicillin_resistant
118Pim-CMPN001x45_260114_LH00793_B23GCKKLT3	minocycline	tetracycline	Resistant	2	tet(M) (tet(M)_X92947)	R10	Penicillin_resistant
118Pim-CMPN001x45_260114_LH00793_B23GCKKLT3	quinupristin	streptogramin b	Resistant	3	msr(D) (msr(D)_AF274302), erm(B) (erm(B)_U86375)	R10	Penicillin_resistant
118Pim-CMPN001x45_260114_LH00793_B23GCKKLT3	pristinamycin ia	streptogramin b	Resistant	3	msr(D) (msr(D)_AF274302), erm(B) (erm(B)_U86375)	R10	Penicillin_resistant
118Pim-CMPN001x45_260114_LH00793_B23GCKKLT3	virginiamycin s	streptogramin b	Resistant	3	msr(D) (msr(D)_AF274302), erm(B) (erm(B)_U86375)	R10	Penicillin_resistant
118Pp-CMPN001x46_260114_LH00793_B23GCKKLT3	erythromycin	macrolide	Resistant	3	msr(D) (msr(D)_AF274302), mef(A) (mef(A)_U83667)	R9	Penicillin_resistant
118Pp-CMPN001x46_260114_LH00793_B23GCKKLT3	azithromycin	macrolide	Resistant	3	msr(D) (msr(D)_AF274302), mef(A) (mef(A)_U83667)	R9	Penicillin_resistant
118Pp-CMPN001x46_260114_LH00793_B23GCKKLT3	telithromycin	macrolide	Resistant	3	msr(D) (msr(D)_AF274302)	R9	Penicillin_resistant
118Pp-CMPN001x46_260114_LH00793_B23GCKKLT3	tetracycline	tetracycline	Resistant	2	tet(M) (tet(M)_X75073), tetA(46) (tetA(46)_HQ652506), tetB(46) (tetB(46)_HQ652506)	R9	Penicillin_resistant
118Pp-CMPN001x46_260114_LH00793_B23GCKKLT3	doxycycline	tetracycline	Resistant	2	tet(M) (tet(M)_X75073), tetA(46) (tetA(46)_HQ652506), tetB(46) (tetB(46)_HQ652506)	R9	Penicillin_resistant
118Pp-CMPN001x46_260114_LH00793_B23GCKKLT3	minocycline	tetracycline	Resistant	2	tet(M) (tet(M)_X75073)	R9	Penicillin_resistant
118Pp-CMPN001x46_260114_LH00793_B23GCKKLT3	tigecycline	tetracycline	Resistant	2	tetA(46) (tetA(46)_HQ652506), tetB(46) (tetB(46)_HQ652506)	R9	Penicillin_resistant
118Pp-CMPN001x46_260114_LH00793_B23GCKKLT3	quinupristin	streptogramin b	Resistant	3	msr(D) (msr(D)_AF274302)	R9	Penicillin_resistant
118Pp-CMPN001x46_260114_LH00793_B23GCKKLT3	pristinamycin ia	streptogramin b	Resistant	3	msr(D) (msr(D)_AF274302)	R9	Penicillin_resistant
118Pp-CMPN001x46_260114_LH00793_B23GCKKLT3	virginiamycin s	streptogramin b	Resistant	3	msr(D) (msr(D)_AF274302)	R9	Penicillin_resistant
120Cs-CMPN001x32_260114_LH00793_B23GCKKLT3	lincomycin	lincosamide	Resistant	3	erm(B) (erm(B)_U86375)	R0	Clindamycin_resistant
120Cs-CMPN001x32_260114_LH00793_B23GCKKLT3	clindamycin	lincosamide	Resistant	3	erm(B) (erm(B)_U86375)	R0	Clindamycin_resistant
120Cs-CMPN001x32_260114_LH00793_B23GCKKLT3	erythromycin	macrolide	Resistant	3	erm(B) (erm(B)_U86375)	R0	Clindamycin_resistant
120Cs-CMPN001x32_260114_LH00793_B23GCKKLT3	tetracycline	tetracycline	Resistant	2	tet(M) (tet(M)_FR671418)	R0	Clindamycin_resistant
120Cs-CMPN001x32_260114_LH00793_B23GCKKLT3	doxycycline	tetracycline	Resistant	2	tet(M) (tet(M)_FR671418)	R0	Clindamycin_resistant
120Cs-CMPN001x32_260114_LH00793_B23GCKKLT3	minocycline	tetracycline	Resistant	2	tet(M) (tet(M)_FR671418)	R0	Clindamycin_resistant
120Cs-CMPN001x32_260114_LH00793_B23GCKKLT3	quinupristin	streptogramin b	Resistant	3	erm(B) (erm(B)_U86375)	R0	Clindamycin_resistant
120Cs-CMPN001x32_260114_LH00793_B23GCKKLT3	pristinamycin ia	streptogramin b	Resistant	3	erm(B) (erm(B)_U86375)	R0	Clindamycin_resistant
120Cs-CMPN001x32_260114_LH00793_B23GCKKLT3	virginiamycin s	streptogramin b	Resistant	3	erm(B) (erm(B)_U86375)	R0	Clindamycin_resistant
122Csv-CMPN001x33_260114_LH00793_B23GCKKLT3	lincomycin	lincosamide	Resistant	3	erm(B) (erm(B)_U86375)	R12	Clindamycin_resistant
122Csv-CMPN001x33_260114_LH00793_B23GCKKLT3	clindamycin	lincosamide	Resistant	3	erm(B) (erm(B)_U86375)	R12	Clindamycin_resistant
122Csv-CMPN001x33_260114_LH00793_B23GCKKLT3	erythromycin	macrolide	Resistant	3	erm(B) (erm(B)_U86375)	R12	Clindamycin_resistant
122Csv-CMPN001x33_260114_LH00793_B23GCKKLT3	tetracycline	tetracycline	Resistant	2	tet(M) (tet(M)_X92947)	R12	Clindamycin_resistant
122Csv-CMPN001x33_260114_LH00793_B23GCKKLT3	doxycycline	tetracycline	Resistant	2	tet(M) (tet(M)_X92947)	R12	Clindamycin_resistant
122Csv-CMPN001x33_260114_LH00793_B23GCKKLT3	minocycline	tetracycline	Resistant	2	tet(M) (tet(M)_X92947)	R12	Clindamycin_resistant
122Csv-CMPN001x33_260114_LH00793_B23GCKKLT3	quinupristin	streptogramin b	Resistant	3	erm(B) (erm(B)_U86375)	R12	Clindamycin_resistant
122Csv-CMPN001x33_260114_LH00793_B23GCKKLT3	pristinamycin ia	streptogramin b	Resistant	3	erm(B) (erm(B)_U86375)	R12	Clindamycin_resistant
122Csv-CMPN001x33_260114_LH00793_B23GCKKLT3	virginiamycin s	streptogramin b	Resistant	3	erm(B) (erm(B)_U86375)	R12	Clindamycin_resistant
123Cs-CMPN001x34_260114_LH00793_B23GCKKLT3	lincomycin	lincosamide	Resistant	2	erm(B) (erm(B)_X72021), erm(B) (erm(B)_JN899585)	R0	Clindamycin_resistant
123Cs-CMPN001x34_260114_LH00793_B23GCKKLT3	clindamycin	lincosamide	Resistant	2	erm(B) (erm(B)_X72021), erm(B) (erm(B)_JN899585)	R0	Clindamycin_resistant
123Cs-CMPN001x34_260114_LH00793_B23GCKKLT3	erythromycin	macrolide	Resistant	2	erm(B) (erm(B)_X72021), erm(B) (erm(B)_JN899585)	R0	Clindamycin_resistant
123Cs-CMPN001x34_260114_LH00793_B23GCKKLT3	tetracycline	tetracycline	Resistant	2	tet(M) (tet(M)_U58985)	R0	Clindamycin_resistant
123Cs-CMPN001x34_260114_LH00793_B23GCKKLT3	doxycycline	tetracycline	Resistant	2	tet(M) (tet(M)_U58985)	R0	Clindamycin_resistant
123Cs-CMPN001x34_260114_LH00793_B23GCKKLT3	minocycline	tetracycline	Resistant	2	tet(M) (tet(M)_U58985)	R0	Clindamycin_resistant
123Cs-CMPN001x34_260114_LH00793_B23GCKKLT3	quinupristin	streptogramin b	Resistant	2	erm(B) (erm(B)_X72021), erm(B) (erm(B)_JN899585)	R0	Clindamycin_resistant
123Cs-CMPN001x34_260114_LH00793_B23GCKKLT3	pristinamycin ia	streptogramin b	Resistant	2	erm(B) (erm(B)_X72021), erm(B) (erm(B)_JN899585)	R0	Clindamycin_resistant
123Cs-CMPN001x34_260114_LH00793_B23GCKKLT3	virginiamycin s	streptogramin b	Resistant	2	erm(B) (erm(B)_X72021), erm(B) (erm(B)_JN899585)	R0	Clindamycin_resistant
123Pp-CMPN001x47_260114_LH00793_B23GCKKLT3	tetracycline	tetracycline	Resistant	2	tetA(46) (tetA(46)_HQ652506), tetB(46) (tetB(46)_HQ652506)	R11	Penicillin_resistant
123Pp-CMPN001x47_260114_LH00793_B23GCKKLT3	doxycycline	tetracycline	Resistant	2	tetA(46) (tetA(46)_HQ652506), tetB(46) (tetB(46)_HQ652506)	R11	Penicillin_resistant
123Pp-CMPN001x47_260114_LH00793_B23GCKKLT3	tigecycline	tetracycline	Resistant	2	tetA(46) (tetA(46)_HQ652506), tetB(46) (tetB(46)_HQ652506)	R11	Penicillin_resistant
124Ap-CMPN001x61_260114_LH00793_B23GCKKLT3	erythromycin	macrolide	Resistant	3	msr(D) (msr(D)_AF274302), mef(A) (mef(A)_U83667)	R0	Ampicillin_resistant
124Ap-CMPN001x61_260114_LH00793_B23GCKKLT3	azithromycin	macrolide	Resistant	3	msr(D) (msr(D)_AF274302), mef(A) (mef(A)_U83667)	R0	Ampicillin_resistant
124Ap-CMPN001x61_260114_LH00793_B23GCKKLT3	telithromycin	macrolide	Resistant	3	msr(D) (msr(D)_AF274302)	R0	Ampicillin_resistant
124Ap-CMPN001x61_260114_LH00793_B23GCKKLT3	tetracycline	tetracycline	Resistant	2	tetA(46) (tetA(46)_HQ652506), tetB(46) (tetB(46)_HQ652506)	R0	Ampicillin_resistant
124Ap-CMPN001x61_260114_LH00793_B23GCKKLT3	doxycycline	tetracycline	Resistant	2	tetA(46) (tetA(46)_HQ652506), tetB(46) (tetB(46)_HQ652506)	R0	Ampicillin_resistant
124Ap-CMPN001x61_260114_LH00793_B23GCKKLT3	tigecycline	tetracycline	Resistant	2	tetA(46) (tetA(46)_HQ652506), tetB(46) (tetB(46)_HQ652506)	R0	Ampicillin_resistant
124Ap-CMPN001x61_260114_LH00793_B23GCKKLT3	quinupristin	streptogramin b	Resistant	3	msr(D) (msr(D)_AF274302)	R0	Ampicillin_resistant
124Ap-CMPN001x61_260114_LH00793_B23GCKKLT3	pristinamycin ia	streptogramin b	Resistant	3	msr(D) (msr(D)_AF274302)	R0	Ampicillin_resistant
124Ap-CMPN001x61_260114_LH00793_B23GCKKLT3	virginiamycin s	streptogramin b	Resistant	3	msr(D) (msr(D)_AF274302)	R0	Ampicillin_resistant
127Cs-CMPN001x35_260114_LH00793_B23GCKKLT3	lincomycin	lincosamide	Resistant	2	erm(B) (erm(B)_X72021), erm(B) (erm(B)_JN899585)	R0	Clindamycin_resistant
127Cs-CMPN001x35_260114_LH00793_B23GCKKLT3	clindamycin	lincosamide	Resistant	2	erm(B) (erm(B)_X72021), erm(B) (erm(B)_JN899585)	R0	Clindamycin_resistant
127Cs-CMPN001x35_260114_LH00793_B23GCKKLT3	erythromycin	macrolide	Resistant	2	erm(B) (erm(B)_X72021), erm(B) (erm(B)_JN899585)	R0	Clindamycin_resistant
127Cs-CMPN001x35_260114_LH00793_B23GCKKLT3	tetracycline	tetracycline	Resistant	2	tet(M) (tet(M)_X75073)	R0	Clindamycin_resistant
127Cs-CMPN001x35_260114_LH00793_B23GCKKLT3	doxycycline	tetracycline	Resistant	2	tet(M) (tet(M)_X75073)	R0	Clindamycin_resistant
127Cs-CMPN001x35_260114_LH00793_B23GCKKLT3	minocycline	tetracycline	Resistant	2	tet(M) (tet(M)_X75073)	R0	Clindamycin_resistant
127Cs-CMPN001x35_260114_LH00793_B23GCKKLT3	quinupristin	streptogramin b	Resistant	2	erm(B) (erm(B)_X72021), erm(B) (erm(B)_JN899585)	R0	Clindamycin_resistant
127Cs-CMPN001x35_260114_LH00793_B23GCKKLT3	pristinamycin ia	streptogramin b	Resistant	2	erm(B) (erm(B)_X72021), erm(B) (erm(B)_JN899585)	R0	Clindamycin_resistant
127Cs-CMPN001x35_260114_LH00793_B23GCKKLT3	virginiamycin s	streptogramin b	Resistant	2	erm(B) (erm(B)_X72021), erm(B) (erm(B)_JN899585)	R0	Clindamycin_resistant
129Cs-CMPN001x36_260114_LH00793_B23GCKKLT3	lincomycin	lincosamide	Resistant	3	erm(B) (erm(B)_U86375)	R0	Clindamycin_resistant
129Cs-CMPN001x36_260114_LH00793_B23GCKKLT3	clindamycin	lincosamide	Resistant	3	erm(B) (erm(B)_U86375)	R0	Clindamycin_resistant
129Cs-CMPN001x36_260114_LH00793_B23GCKKLT3	erythromycin	macrolide	Resistant	3	erm(B) (erm(B)_U86375)	R0	Clindamycin_resistant
129Cs-CMPN001x36_260114_LH00793_B23GCKKLT3	tetracycline	tetracycline	Resistant	2	tet(M) (tet(M)_FR671418)	R0	Clindamycin_resistant
129Cs-CMPN001x36_260114_LH00793_B23GCKKLT3	doxycycline	tetracycline	Resistant	2	tet(M) (tet(M)_FR671418)	R0	Clindamycin_resistant
129Cs-CMPN001x36_260114_LH00793_B23GCKKLT3	minocycline	tetracycline	Resistant	2	tet(M) (tet(M)_FR671418)	R0	Clindamycin_resistant
129Cs-CMPN001x36_260114_LH00793_B23GCKKLT3	quinupristin	streptogramin b	Resistant	3	erm(B) (erm(B)_U86375)	R0	Clindamycin_resistant
129Cs-CMPN001x36_260114_LH00793_B23GCKKLT3	pristinamycin ia	streptogramin b	Resistant	3	erm(B) (erm(B)_U86375)	R0	Clindamycin_resistant
129Cs-CMPN001x36_260114_LH00793_B23GCKKLT3	virginiamycin s	streptogramin b	Resistant	3	erm(B) (erm(B)_U86375)	R0	Clindamycin_resistant
131As-CMPN001x62_260114_LH00793_B23GCKKLT3	erythromycin	macrolide	Resistant	3	msr(D) (msr(D)_AF274302), mef(A) (mef(A)_U83667)	R12	Ampicillin_resistant
131As-CMPN001x62_260114_LH00793_B23GCKKLT3	azithromycin	macrolide	Resistant	3	msr(D) (msr(D)_AF274302), mef(A) (mef(A)_U83667)	R12	Ampicillin_resistant
131As-CMPN001x62_260114_LH00793_B23GCKKLT3	telithromycin	macrolide	Resistant	3	msr(D) (msr(D)_AF274302)	R12	Ampicillin_resistant
131As-CMPN001x62_260114_LH00793_B23GCKKLT3	quinupristin	streptogramin b	Resistant	3	msr(D) (msr(D)_AF274302)	R12	Ampicillin_resistant
131As-CMPN001x62_260114_LH00793_B23GCKKLT3	pristinamycin ia	streptogramin b	Resistant	3	msr(D) (msr(D)_AF274302)	R12	Ampicillin_resistant
131As-CMPN001x62_260114_LH00793_B23GCKKLT3	virginiamycin s	streptogramin b	Resistant	3	msr(D) (msr(D)_AF274302)	R12	Ampicillin_resistant
131Ca-CMPN001x63_260114_LH00793_B23GCKKLT3	lincomycin	lincosamide	Resistant	3	erm(B) (erm(B)_X72021)	R0	Clindamycin_resistant
131Ca-CMPN001x63_260114_LH00793_B23GCKKLT3	clindamycin	lincosamide	Resistant	3	erm(B) (erm(B)_X72021)	R0	Clindamycin_resistant
131Ca-CMPN001x63_260114_LH00793_B23GCKKLT3	erythromycin	macrolide	Resistant	3	erm(B) (erm(B)_X72021)	R0	Clindamycin_resistant
131Ca-CMPN001x63_260114_LH00793_B23GCKKLT3	tetracycline	tetracycline	Resistant	3	tet(M) (tet(M)_X04388)	R0	Clindamycin_resistant
131Ca-CMPN001x63_260114_LH00793_B23GCKKLT3	doxycycline	tetracycline	Resistant	3	tet(M) (tet(M)_X04388)	R0	Clindamycin_resistant
131Ca-CMPN001x63_260114_LH00793_B23GCKKLT3	minocycline	tetracycline	Resistant	3	tet(M) (tet(M)_X04388)	R0	Clindamycin_resistant
131Ca-CMPN001x63_260114_LH00793_B23GCKKLT3	quinupristin	streptogramin b	Resistant	3	erm(B) (erm(B)_X72021)	R0	Clindamycin_resistant
131Ca-CMPN001x63_260114_LH00793_B23GCKKLT3	pristinamycin ia	streptogramin b	Resistant	3	erm(B) (erm(B)_X72021)	R0	Clindamycin_resistant
131Ca-CMPN001x63_260114_LH00793_B23GCKKLT3	virginiamycin s	streptogramin b	Resistant	3	erm(B) (erm(B)_X72021)	R0	Clindamycin_resistant
131Cm-CMPN001x37_260114_LH00793_B23GCKKLT3	lincomycin	lincosamide	Resistant	3	erm(B) (erm(B)_JN899585)	R0	Clindamycin_resistant
131Cm-CMPN001x37_260114_LH00793_B23GCKKLT3	clindamycin	lincosamide	Resistant	3	erm(B) (erm(B)_JN899585)	R0	Clindamycin_resistant
131Cm-CMPN001x37_260114_LH00793_B23GCKKLT3	erythromycin	macrolide	Resistant	3	erm(B) (erm(B)_JN899585)	R0	Clindamycin_resistant
131Cm-CMPN001x37_260114_LH00793_B23GCKKLT3	tetracycline	tetracycline	Resistant	2	tet(M) (tet(M)_FR671418)	R0	Clindamycin_resistant
131Cm-CMPN001x37_260114_LH00793_B23GCKKLT3	doxycycline	tetracycline	Resistant	2	tet(M) (tet(M)_FR671418)	R0	Clindamycin_resistant
131Cm-CMPN001x37_260114_LH00793_B23GCKKLT3	minocycline	tetracycline	Resistant	2	tet(M) (tet(M)_FR671418)	R0	Clindamycin_resistant
131Cm-CMPN001x37_260114_LH00793_B23GCKKLT3	quinupristin	streptogramin b	Resistant	3	erm(B) (erm(B)_JN899585)	R0	Clindamycin_resistant
131Cm-CMPN001x37_260114_LH00793_B23GCKKLT3	pristinamycin ia	streptogramin b	Resistant	3	erm(B) (erm(B)_JN899585)	R0	Clindamycin_resistant
131Cm-CMPN001x37_260114_LH00793_B23GCKKLT3	virginiamycin s	streptogramin b	Resistant	3	erm(B) (erm(B)_JN899585)	R0	Clindamycin_resistant
132Cs-CMPN001x38_260114_LH00793_B23GCKKLT3	lincomycin	lincosamide	Resistant	3	lsa(C) (lsa(C)_HM990671), erm(B) (erm(B)_U86375)	R0	Clindamycin_resistant
132Cs-CMPN001x38_260114_LH00793_B23GCKKLT3	clindamycin	lincosamide	Resistant	3	lsa(C) (lsa(C)_HM990671), erm(B) (erm(B)_U86375)	R0	Clindamycin_resistant
132Cs-CMPN001x38_260114_LH00793_B23GCKKLT3	dalfopristin	streptogramin a	Resistant	2	lsa(C) (lsa(C)_HM990671)	R0	Clindamycin_resistant
132Cs-CMPN001x38_260114_LH00793_B23GCKKLT3	pristinamycin iia	streptogramin a	Resistant	2	lsa(C) (lsa(C)_HM990671)	R0	Clindamycin_resistant
132Cs-CMPN001x38_260114_LH00793_B23GCKKLT3	virginiamycin m	streptogramin a	Resistant	2	lsa(C) (lsa(C)_HM990671)	R0	Clindamycin_resistant
132Cs-CMPN001x38_260114_LH00793_B23GCKKLT3	tiamulin	pleuromutilin	Resistant	2	lsa(C) (lsa(C)_HM990671)	R0	Clindamycin_resistant
132Cs-CMPN001x38_260114_LH00793_B23GCKKLT3	erythromycin	macrolide	Resistant	3	erm(B) (erm(B)_U86375)	R0	Clindamycin_resistant
132Cs-CMPN001x38_260114_LH00793_B23GCKKLT3	tetracycline	tetracycline	Resistant	2	tet(M) (tet(M)_X75073)	R0	Clindamycin_resistant
132Cs-CMPN001x38_260114_LH00793_B23GCKKLT3	doxycycline	tetracycline	Resistant	2	tet(M) (tet(M)_X75073)	R0	Clindamycin_resistant
132Cs-CMPN001x38_260114_LH00793_B23GCKKLT3	minocycline	tetracycline	Resistant	2	tet(M) (tet(M)_X75073)	R0	Clindamycin_resistant
132Cs-CMPN001x38_260114_LH00793_B23GCKKLT3	quinupristin	streptogramin b	Resistant	3	erm(B) (erm(B)_U86375)	R0	Clindamycin_resistant
132Cs-CMPN001x38_260114_LH00793_B23GCKKLT3	pristinamycin ia	streptogramin b	Resistant	3	erm(B) (erm(B)_U86375)	R0	Clindamycin_resistant
132Cs-CMPN001x38_260114_LH00793_B23GCKKLT3	virginiamycin s	streptogramin b	Resistant	3	erm(B) (erm(B)_U86375)	R0	Clindamycin_resistant
140Ca-CMPN001x64_260114_LH00793_B23GCKKLT3	lincomycin	lincosamide	Resistant	3	erm(B) (erm(B)_U86375)	R0	Clindamycin_resistant
140Ca-CMPN001x64_260114_LH00793_B23GCKKLT3	clindamycin	lincosamide	Resistant	3	erm(B) (erm(B)_U86375)	R0	Clindamycin_resistant
140Ca-CMPN001x64_260114_LH00793_B23GCKKLT3	erythromycin	macrolide	Resistant	3	erm(B) (erm(B)_U86375)	R0	Clindamycin_resistant
140Ca-CMPN001x64_260114_LH00793_B23GCKKLT3	tetracycline	tetracycline	Resistant	3	tet(32) (tet(32)_EU722333), tet(M) (tet(M)_X75073)	R0	Clindamycin_resistant
140Ca-CMPN001x64_260114_LH00793_B23GCKKLT3	doxycycline	tetracycline	Resistant	3	tet(32) (tet(32)_EU722333), tet(M) (tet(M)_X75073)	R0	Clindamycin_resistant
140Ca-CMPN001x64_260114_LH00793_B23GCKKLT3	minocycline	tetracycline	Resistant	3	tet(32) (tet(32)_EU722333), tet(M) (tet(M)_X75073)	R0	Clindamycin_resistant
140Ca-CMPN001x64_260114_LH00793_B23GCKKLT3	quinupristin	streptogramin b	Resistant	3	erm(B) (erm(B)_U86375)	R0	Clindamycin_resistant
140Ca-CMPN001x64_260114_LH00793_B23GCKKLT3	pristinamycin ia	streptogramin b	Resistant	3	erm(B) (erm(B)_U86375)	R0	Clindamycin_resistant
140Ca-CMPN001x64_260114_LH00793_B23GCKKLT3	virginiamycin s	streptogramin b	Resistant	3	erm(B) (erm(B)_U86375)	R0	Clindamycin_resistant
140Cp-CMPN001x65_260114_LH00793_B23GCKKLT3	lincomycin	lincosamide	Resistant	3	erm(B) (erm(B)_U86375)	R0	Clindamycin_resistant
140Cp-CMPN001x65_260114_LH00793_B23GCKKLT3	clindamycin	lincosamide	Resistant	3	erm(B) (erm(B)_U86375)	R0	Clindamycin_resistant
140Cp-CMPN001x65_260114_LH00793_B23GCKKLT3	erythromycin	macrolide	Resistant	3	erm(B) (erm(B)_U86375), msr(D) (msr(D)_AF274302), mef(A) (mef(A)_U83667)	R0	Clindamycin_resistant
140Cp-CMPN001x65_260114_LH00793_B23GCKKLT3	azithromycin	macrolide	Resistant	3	msr(D) (msr(D)_AF274302), mef(A) (mef(A)_U83667)	R0	Clindamycin_resistant
140Cp-CMPN001x65_260114_LH00793_B23GCKKLT3	telithromycin	macrolide	Resistant	3	msr(D) (msr(D)_AF274302)	R0	Clindamycin_resistant
140Cp-CMPN001x65_260114_LH00793_B23GCKKLT3	tetracycline	tetracycline	Resistant	2	tet(M) (tet(M)_X04388)	R0	Clindamycin_resistant
140Cp-CMPN001x65_260114_LH00793_B23GCKKLT3	doxycycline	tetracycline	Resistant	2	tet(M) (tet(M)_X04388)	R0	Clindamycin_resistant
140Cp-CMPN001x65_260114_LH00793_B23GCKKLT3	minocycline	tetracycline	Resistant	2	tet(M) (tet(M)_X04388)	R0	Clindamycin_resistant
140Cp-CMPN001x65_260114_LH00793_B23GCKKLT3	quinupristin	streptogramin b	Resistant	3	erm(B) (erm(B)_U86375), msr(D) (msr(D)_AF274302)	R0	Clindamycin_resistant
140Cp-CMPN001x65_260114_LH00793_B23GCKKLT3	pristinamycin ia	streptogramin b	Resistant	3	erm(B) (erm(B)_U86375), msr(D) (msr(D)_AF274302)	R0	Clindamycin_resistant
140Cp-CMPN001x65_260114_LH00793_B23GCKKLT3	virginiamycin s	streptogramin b	Resistant	3	erm(B) (erm(B)_U86375), msr(D) (msr(D)_AF274302)	R0	Clindamycin_resistant
141Ap-CMPN001x66_260114_LH00793_B23GCKKLT3	lincomycin	lincosamide	Resistant	3	erm(B) (erm(B)_U86375)	R11	Ampicillin_resistant
141Ap-CMPN001x66_260114_LH00793_B23GCKKLT3	clindamycin	lincosamide	Resistant	3	erm(B) (erm(B)_U86375)	R11	Ampicillin_resistant
141Ap-CMPN001x66_260114_LH00793_B23GCKKLT3	erythromycin	macrolide	Resistant	3	erm(B) (erm(B)_U86375)	R11	Ampicillin_resistant
141Ap-CMPN001x66_260114_LH00793_B23GCKKLT3	tetracycline	tetracycline	Resistant	2	tetA(46) (tetA(46)_HQ652506), tetB(46) (tetB(46)_HQ652506), tet(M) (tet(M)_X75073)	R11	Ampicillin_resistant
141Ap-CMPN001x66_260114_LH00793_B23GCKKLT3	doxycycline	tetracycline	Resistant	2	tetA(46) (tetA(46)_HQ652506), tetB(46) (tetB(46)_HQ652506), tet(M) (tet(M)_X75073)	R11	Ampicillin_resistant
141Ap-CMPN001x66_260114_LH00793_B23GCKKLT3	minocycline	tetracycline	Resistant	2	tet(M) (tet(M)_X75073)	R11	Ampicillin_resistant
141Ap-CMPN001x66_260114_LH00793_B23GCKKLT3	tigecycline	tetracycline	Resistant	2	tetA(46) (tetA(46)_HQ652506), tetB(46) (tetB(46)_HQ652506)	R11	Ampicillin_resistant
141Ap-CMPN001x66_260114_LH00793_B23GCKKLT3	quinupristin	streptogramin b	Resistant	3	erm(B) (erm(B)_U86375)	R11	Ampicillin_resistant
141Ap-CMPN001x66_260114_LH00793_B23GCKKLT3	pristinamycin ia	streptogramin b	Resistant	3	erm(B) (erm(B)_U86375)	R11	Ampicillin_resistant
141Ap-CMPN001x66_260114_LH00793_B23GCKKLT3	virginiamycin s	streptogramin b	Resistant	3	erm(B) (erm(B)_U86375)	R11	Ampicillin_resistant
145Cm-CMPN001x68_260114_LH00793_B23GCKKLT3	lincomycin	lincosamide	Resistant	3	erm(B) (erm(B)_X72021)	R0	Clindamycin_resistant
145Cm-CMPN001x68_260114_LH00793_B23GCKKLT3	clindamycin	lincosamide	Resistant	3	erm(B) (erm(B)_X72021)	R0	Clindamycin_resistant
145Cm-CMPN001x68_260114_LH00793_B23GCKKLT3	erythromycin	macrolide	Resistant	3	erm(B) (erm(B)_X72021)	R0	Clindamycin_resistant
145Cm-CMPN001x68_260114_LH00793_B23GCKKLT3	tetracycline	tetracycline	Resistant	2	tet(M) (tet(M)_FR671418)	R0	Clindamycin_resistant
145Cm-CMPN001x68_260114_LH00793_B23GCKKLT3	doxycycline	tetracycline	Resistant	2	tet(M) (tet(M)_FR671418)	R0	Clindamycin_resistant
145Cm-CMPN001x68_260114_LH00793_B23GCKKLT3	minocycline	tetracycline	Resistant	2	tet(M) (tet(M)_FR671418)	R0	Clindamycin_resistant
145Cm-CMPN001x68_260114_LH00793_B23GCKKLT3	quinupristin	streptogramin b	Resistant	3	erm(B) (erm(B)_X72021)	R0	Clindamycin_resistant
145Cm-CMPN001x68_260114_LH00793_B23GCKKLT3	pristinamycin ia	streptogramin b	Resistant	3	erm(B) (erm(B)_X72021)	R0	Clindamycin_resistant
145Cm-CMPN001x68_260114_LH00793_B23GCKKLT3	virginiamycin s	streptogramin b	Resistant	3	erm(B) (erm(B)_X72021)	R0	Clindamycin_resistant
146Pp-CMPN001x69_260114_LH00793_B23GCKKLT3	erythromycin	macrolide	Resistant	3	msr(D) (msr(D)_AF274302), mef(A) (mef(A)_U83667)	R0	Penicillin_resistant
146Pp-CMPN001x69_260114_LH00793_B23GCKKLT3	azithromycin	macrolide	Resistant	3	msr(D) (msr(D)_AF274302), mef(A) (mef(A)_U83667)	R0	Penicillin_resistant
146Pp-CMPN001x69_260114_LH00793_B23GCKKLT3	telithromycin	macrolide	Resistant	3	msr(D) (msr(D)_AF274302)	R0	Penicillin_resistant
146Pp-CMPN001x69_260114_LH00793_B23GCKKLT3	tetracycline	tetracycline	Resistant	2	tetA(46) (tetA(46)_HQ652506), tetB(46) (tetB(46)_HQ652506), tet(M) (tet(M)_X75073)	R0	Penicillin_resistant
146Pp-CMPN001x69_260114_LH00793_B23GCKKLT3	doxycycline	tetracycline	Resistant	2	tetA(46) (tetA(46)_HQ652506), tetB(46) (tetB(46)_HQ652506), tet(M) (tet(M)_X75073)	R0	Penicillin_resistant
146Pp-CMPN001x69_260114_LH00793_B23GCKKLT3	minocycline	tetracycline	Resistant	2	tet(M) (tet(M)_X75073)	R0	Penicillin_resistant
146Pp-CMPN001x69_260114_LH00793_B23GCKKLT3	tigecycline	tetracycline	Resistant	2	tetA(46) (tetA(46)_HQ652506), tetB(46) (tetB(46)_HQ652506)	R0	Penicillin_resistant
146Pp-CMPN001x69_260114_LH00793_B23GCKKLT3	quinupristin	streptogramin b	Resistant	3	msr(D) (msr(D)_AF274302)	R0	Penicillin_resistant
146Pp-CMPN001x69_260114_LH00793_B23GCKKLT3	pristinamycin ia	streptogramin b	Resistant	3	msr(D) (msr(D)_AF274302)	R0	Penicillin_resistant
146Pp-CMPN001x69_260114_LH00793_B23GCKKLT3	virginiamycin s	streptogramin b	Resistant	3	msr(D) (msr(D)_AF274302)	R0	Penicillin_resistant
148Cm-CMPN001x70_260114_LH00793_B23GCKKLT3	lincomycin	lincosamide	Resistant	3	erm(B) (erm(B)_X72021)	R0	Clindamycin_resistant
148Cm-CMPN001x70_260114_LH00793_B23GCKKLT3	clindamycin	lincosamide	Resistant	3	erm(B) (erm(B)_X72021)	R0	Clindamycin_resistant
148Cm-CMPN001x70_260114_LH00793_B23GCKKLT3	erythromycin	macrolide	Resistant	3	erm(B) (erm(B)_X72021)	R0	Clindamycin_resistant
148Cm-CMPN001x70_260114_LH00793_B23GCKKLT3	tetracycline	tetracycline	Resistant	2	tet(M) (tet(M)_AM990992)	R0	Clindamycin_resistant
148Cm-CMPN001x70_260114_LH00793_B23GCKKLT3	doxycycline	tetracycline	Resistant	2	tet(M) (tet(M)_AM990992)	R0	Clindamycin_resistant
148Cm-CMPN001x70_260114_LH00793_B23GCKKLT3	minocycline	tetracycline	Resistant	2	tet(M) (tet(M)_AM990992)	R0	Clindamycin_resistant
148Cm-CMPN001x70_260114_LH00793_B23GCKKLT3	quinupristin	streptogramin b	Resistant	3	erm(B) (erm(B)_X72021)	R0	Clindamycin_resistant
148Cm-CMPN001x70_260114_LH00793_B23GCKKLT3	pristinamycin ia	streptogramin b	Resistant	3	erm(B) (erm(B)_X72021)	R0	Clindamycin_resistant
148Cm-CMPN001x70_260114_LH00793_B23GCKKLT3	virginiamycin s	streptogramin b	Resistant	3	erm(B) (erm(B)_X72021)	R0	Clindamycin_resistant
149Ap-CMPN001x71_260114_LH00793_B23GCKKLT3	erythromycin	macrolide	Resistant	3	msr(D) (msr(D)_AF274302), mef(A) (mef(A)_U83667)	R8	Ampicillin_resistant
149Ap-CMPN001x71_260114_LH00793_B23GCKKLT3	azithromycin	macrolide	Resistant	3	msr(D) (msr(D)_AF274302), mef(A) (mef(A)_U83667)	R8	Ampicillin_resistant
149Ap-CMPN001x71_260114_LH00793_B23GCKKLT3	telithromycin	macrolide	Resistant	3	msr(D) (msr(D)_AF274302)	R8	Ampicillin_resistant
149Ap-CMPN001x71_260114_LH00793_B23GCKKLT3	tetracycline	tetracycline	Resistant	2	tetA(46) (tetA(46)_HQ652506), tetB(46) (tetB(46)_HQ652506)	R8	Ampicillin_resistant
149Ap-CMPN001x71_260114_LH00793_B23GCKKLT3	doxycycline	tetracycline	Resistant	2	tetA(46) (tetA(46)_HQ652506), tetB(46) (tetB(46)_HQ652506)	R8	Ampicillin_resistant
149Ap-CMPN001x71_260114_LH00793_B23GCKKLT3	tigecycline	tetracycline	Resistant	2	tetA(46) (tetA(46)_HQ652506), tetB(46) (tetB(46)_HQ652506)	R8	Ampicillin_resistant
149Ap-CMPN001x71_260114_LH00793_B23GCKKLT3	quinupristin	streptogramin b	Resistant	3	msr(D) (msr(D)_AF274302)	R8	Ampicillin_resistant
149Ap-CMPN001x71_260114_LH00793_B23GCKKLT3	pristinamycin ia	streptogramin b	Resistant	3	msr(D) (msr(D)_AF274302)	R8	Ampicillin_resistant
149Ap-CMPN001x71_260114_LH00793_B23GCKKLT3	virginiamycin s	streptogramin b	Resistant	3	msr(D) (msr(D)_AF274302)	R8	Ampicillin_resistant
149Cc-CMPN001x73_260114_LH00793_B23GCKKLT3	lincomycin	lincosamide	Resistant	3	erm(B) (erm(B)_U86375)	R0	Clindamycin_resistant
149Cc-CMPN001x73_260114_LH00793_B23GCKKLT3	clindamycin	lincosamide	Resistant	3	erm(B) (erm(B)_U86375)	R0	Clindamycin_resistant
149Cc-CMPN001x73_260114_LH00793_B23GCKKLT3	erythromycin	macrolide	Resistant	3	erm(B) (erm(B)_U86375)	R0	Clindamycin_resistant
149Cc-CMPN001x73_260114_LH00793_B23GCKKLT3	tetracycline	tetracycline	Resistant	2	tet(M) (tet(M)_AM990992)	R0	Clindamycin_resistant
149Cc-CMPN001x73_260114_LH00793_B23GCKKLT3	doxycycline	tetracycline	Resistant	2	tet(M) (tet(M)_AM990992)	R0	Clindamycin_resistant
149Cc-CMPN001x73_260114_LH00793_B23GCKKLT3	minocycline	tetracycline	Resistant	2	tet(M) (tet(M)_AM990992)	R0	Clindamycin_resistant
149Cc-CMPN001x73_260114_LH00793_B23GCKKLT3	quinupristin	streptogramin b	Resistant	3	erm(B) (erm(B)_U86375)	R0	Clindamycin_resistant
149Cc-CMPN001x73_260114_LH00793_B23GCKKLT3	pristinamycin ia	streptogramin b	Resistant	3	erm(B) (erm(B)_U86375)	R0	Clindamycin_resistant
149Cc-CMPN001x73_260114_LH00793_B23GCKKLT3	virginiamycin s	streptogramin b	Resistant	3	erm(B) (erm(B)_U86375)	R0	Clindamycin_resistant
150Cp-CMPN001x74_260114_LH00793_B23GCKKLT3	lincomycin	lincosamide	Resistant	2	erm(B) (erm(B)_X72021), erm(B) (erm(B)_JN899585)	R0	Clindamycin_resistant
150Cp-CMPN001x74_260114_LH00793_B23GCKKLT3	clindamycin	lincosamide	Resistant	2	erm(B) (erm(B)_X72021), erm(B) (erm(B)_JN899585)	R0	Clindamycin_resistant
150Cp-CMPN001x74_260114_LH00793_B23GCKKLT3	erythromycin	macrolide	Resistant	2	erm(B) (erm(B)_X72021), erm(B) (erm(B)_JN899585)	R0	Clindamycin_resistant
150Cp-CMPN001x74_260114_LH00793_B23GCKKLT3	tetracycline	tetracycline	Resistant	2	tetA(46) (tetA(46)_HQ652506), tetB(46) (tetB(46)_HQ652506), tet(M) (tet(M)_X04388)	R0	Clindamycin_resistant
150Cp-CMPN001x74_260114_LH00793_B23GCKKLT3	doxycycline	tetracycline	Resistant	2	tetA(46) (tetA(46)_HQ652506), tetB(46) (tetB(46)_HQ652506), tet(M) (tet(M)_X04388)	R0	Clindamycin_resistant
150Cp-CMPN001x74_260114_LH00793_B23GCKKLT3	minocycline	tetracycline	Resistant	2	tet(M) (tet(M)_X04388)	R0	Clindamycin_resistant
150Cp-CMPN001x74_260114_LH00793_B23GCKKLT3	tigecycline	tetracycline	Resistant	2	tetA(46) (tetA(46)_HQ652506), tetB(46) (tetB(46)_HQ652506)	R0	Clindamycin_resistant
150Cp-CMPN001x74_260114_LH00793_B23GCKKLT3	quinupristin	streptogramin b	Resistant	2	erm(B) (erm(B)_X72021), erm(B) (erm(B)_JN899585)	R0	Clindamycin_resistant
150Cp-CMPN001x74_260114_LH00793_B23GCKKLT3	pristinamycin ia	streptogramin b	Resistant	2	erm(B) (erm(B)_X72021), erm(B) (erm(B)_JN899585)	R0	Clindamycin_resistant
150Cp-CMPN001x74_260114_LH00793_B23GCKKLT3	virginiamycin s	streptogramin b	Resistant	2	erm(B) (erm(B)_X72021), erm(B) (erm(B)_JN899585)	R0	Clindamycin_resistant
151Cm-CMPN001x75_260114_LH00793_B23GCKKLT3	lincomycin	lincosamide	Resistant	3	erm(B) (erm(B)_U86375)	R0	Clindamycin_resistant
151Cm-CMPN001x75_260114_LH00793_B23GCKKLT3	clindamycin	lincosamide	Resistant	3	erm(B) (erm(B)_U86375)	R0	Clindamycin_resistant
151Cm-CMPN001x75_260114_LH00793_B23GCKKLT3	erythromycin	macrolide	Resistant	3	erm(B) (erm(B)_U86375)	R0	Clindamycin_resistant
151Cm-CMPN001x75_260114_LH00793_B23GCKKLT3	tetracycline	tetracycline	Resistant	2	tet(M) (tet(M)_X92947)	R0	Clindamycin_resistant
151Cm-CMPN001x75_260114_LH00793_B23GCKKLT3	doxycycline	tetracycline	Resistant	2	tet(M) (tet(M)_X92947)	R0	Clindamycin_resistant
151Cm-CMPN001x75_260114_LH00793_B23GCKKLT3	minocycline	tetracycline	Resistant	2	tet(M) (tet(M)_X92947)	R0	Clindamycin_resistant
151Cm-CMPN001x75_260114_LH00793_B23GCKKLT3	quinupristin	streptogramin b	Resistant	3	erm(B) (erm(B)_U86375)	R0	Clindamycin_resistant
151Cm-CMPN001x75_260114_LH00793_B23GCKKLT3	pristinamycin ia	streptogramin b	Resistant	3	erm(B) (erm(B)_U86375)	R0	Clindamycin_resistant
151Cm-CMPN001x75_260114_LH00793_B23GCKKLT3	virginiamycin s	streptogramin b	Resistant	3	erm(B) (erm(B)_U86375)	R0	Clindamycin_resistant
155Cvs-CMPN001x76_260114_LH00793_B23GCKKLT3	lincomycin	lincosamide	Resistant	3	erm(B) (erm(B)_U86375)	R0	Clindamycin_resistant
155Cvs-CMPN001x76_260114_LH00793_B23GCKKLT3	clindamycin	lincosamide	Resistant	3	erm(B) (erm(B)_U86375)	R0	Clindamycin_resistant
155Cvs-CMPN001x76_260114_LH00793_B23GCKKLT3	erythromycin	macrolide	Resistant	3	msr(D) (msr(D)_AF274302), mef(A) (mef(A)_U83667), erm(B) (erm(B)_U86375)	R0	Clindamycin_resistant
155Cvs-CMPN001x76_260114_LH00793_B23GCKKLT3	azithromycin	macrolide	Resistant	3	msr(D) (msr(D)_AF274302), mef(A) (mef(A)_U83667)	R0	Clindamycin_resistant
155Cvs-CMPN001x76_260114_LH00793_B23GCKKLT3	telithromycin	macrolide	Resistant	3	msr(D) (msr(D)_AF274302)	R0	Clindamycin_resistant
155Cvs-CMPN001x76_260114_LH00793_B23GCKKLT3	tetracycline	tetracycline	Resistant	2	tet(M) (tet(M)_X75073)	R0	Clindamycin_resistant
155Cvs-CMPN001x76_260114_LH00793_B23GCKKLT3	doxycycline	tetracycline	Resistant	2	tet(M) (tet(M)_X75073)	R0	Clindamycin_resistant
155Cvs-CMPN001x76_260114_LH00793_B23GCKKLT3	minocycline	tetracycline	Resistant	2	tet(M) (tet(M)_X75073)	R0	Clindamycin_resistant
155Cvs-CMPN001x76_260114_LH00793_B23GCKKLT3	quinupristin	streptogramin b	Resistant	3	msr(D) (msr(D)_AF274302), erm(B) (erm(B)_U86375)	R0	Clindamycin_resistant
155Cvs-CMPN001x76_260114_LH00793_B23GCKKLT3	pristinamycin ia	streptogramin b	Resistant	3	msr(D) (msr(D)_AF274302), erm(B) (erm(B)_U86375)	R0	Clindamycin_resistant
155Cvs-CMPN001x76_260114_LH00793_B23GCKKLT3	virginiamycin s	streptogramin b	Resistant	3	msr(D) (msr(D)_AF274302), erm(B) (erm(B)_U86375)	R0	Clindamycin_resistant
160Ap-CMPN001x77_260114_LH00793_B23GCKKLT3	erythromycin	macrolide	Resistant	3	msr(D) (msr(D)_AF274302), mef(A) (mef(A)_U83667)	R11	Ampicillin_resistant
160Ap-CMPN001x77_260114_LH00793_B23GCKKLT3	azithromycin	macrolide	Resistant	3	msr(D) (msr(D)_AF274302), mef(A) (mef(A)_U83667)	R11	Ampicillin_resistant
160Ap-CMPN001x77_260114_LH00793_B23GCKKLT3	telithromycin	macrolide	Resistant	2	msr(D) (msr(D)_AF274302)	R11	Ampicillin_resistant
160Ap-CMPN001x77_260114_LH00793_B23GCKKLT3	tetracycline	tetracycline	Resistant	2	tetA(46) (tetA(46)_HQ652506), tetB(46) (tetB(46)_HQ652506)	R11	Ampicillin_resistant
160Ap-CMPN001x77_260114_LH00793_B23GCKKLT3	doxycycline	tetracycline	Resistant	2	tetA(46) (tetA(46)_HQ652506), tetB(46) (tetB(46)_HQ652506)	R11	Ampicillin_resistant
160Ap-CMPN001x77_260114_LH00793_B23GCKKLT3	tigecycline	tetracycline	Resistant	2	tetA(46) (tetA(46)_HQ652506), tetB(46) (tetB(46)_HQ652506)	R11	Ampicillin_resistant
160Ap-CMPN001x77_260114_LH00793_B23GCKKLT3	quinupristin	streptogramin b	Resistant	2	msr(D) (msr(D)_AF274302)	R11	Ampicillin_resistant
160Ap-CMPN001x77_260114_LH00793_B23GCKKLT3	pristinamycin ia	streptogramin b	Resistant	2	msr(D) (msr(D)_AF274302)	R11	Ampicillin_resistant
160Ap-CMPN001x77_260114_LH00793_B23GCKKLT3	virginiamycin s	streptogramin b	Resistant	2	msr(D) (msr(D)_AF274302)	R11	Ampicillin_resistant
55Csv-CMPN001x05_260114_LH00793_B23GCKKLT3	lincomycin	lincosamide	Resistant	3	erm(B) (erm(B)_U86375)	R0	Clindamycin_resistant
55Csv-CMPN001x05_260114_LH00793_B23GCKKLT3	clindamycin	lincosamide	Resistant	3	erm(B) (erm(B)_U86375)	R0	Clindamycin_resistant
55Csv-CMPN001x05_260114_LH00793_B23GCKKLT3	erythromycin	macrolide	Resistant	3	erm(B) (erm(B)_U86375)	R0	Clindamycin_resistant
55Csv-CMPN001x05_260114_LH00793_B23GCKKLT3	tetracycline	tetracycline	Resistant	2	tet(M) (tet(M)_X92947)	R0	Clindamycin_resistant
55Csv-CMPN001x05_260114_LH00793_B23GCKKLT3	doxycycline	tetracycline	Resistant	2	tet(M) (tet(M)_X92947)	R0	Clindamycin_resistant
55Csv-CMPN001x05_260114_LH00793_B23GCKKLT3	minocycline	tetracycline	Resistant	2	tet(M) (tet(M)_X92947)	R0	Clindamycin_resistant
55Csv-CMPN001x05_260114_LH00793_B23GCKKLT3	quinupristin	streptogramin b	Resistant	3	erm(B) (erm(B)_U86375)	R0	Clindamycin_resistant
55Csv-CMPN001x05_260114_LH00793_B23GCKKLT3	pristinamycin ia	streptogramin b	Resistant	3	erm(B) (erm(B)_U86375)	R0	Clindamycin_resistant
55Csv-CMPN001x05_260114_LH00793_B23GCKKLT3	virginiamycin s	streptogramin b	Resistant	3	erm(B) (erm(B)_U86375)	R0	Clindamycin_resistant
91Csv-CMPN001x13_260114_LH00793_B23GCKKLT3	lincomycin	lincosamide	Resistant	3	erm(B) (erm(B)_U86375)	R0	Clindamycin_resistant
91Csv-CMPN001x13_260114_LH00793_B23GCKKLT3	clindamycin	lincosamide	Resistant	3	erm(B) (erm(B)_U86375)	R0	Clindamycin_resistant
91Csv-CMPN001x13_260114_LH00793_B23GCKKLT3	erythromycin	macrolide	Resistant	3	msr(D) (msr(D)_AF274302), mef(A) (mef(A)_U83667), erm(B) (erm(B)_U86375)	R0	Clindamycin_resistant
91Csv-CMPN001x13_260114_LH00793_B23GCKKLT3	azithromycin	macrolide	Resistant	3	msr(D) (msr(D)_AF274302), mef(A) (mef(A)_U83667)	R0	Clindamycin_resistant
91Csv-CMPN001x13_260114_LH00793_B23GCKKLT3	telithromycin	macrolide	Resistant	2	msr(D) (msr(D)_AF274302)	R0	Clindamycin_resistant
91Csv-CMPN001x13_260114_LH00793_B23GCKKLT3	tetracycline	tetracycline	Resistant	2	tet(M) (tet(M)_X75073)	R0	Clindamycin_resistant
91Csv-CMPN001x13_260114_LH00793_B23GCKKLT3	doxycycline	tetracycline	Resistant	2	tet(M) (tet(M)_X75073)	R0	Clindamycin_resistant
91Csv-CMPN001x13_260114_LH00793_B23GCKKLT3	minocycline	tetracycline	Resistant	2	tet(M) (tet(M)_X75073)	R0	Clindamycin_resistant
91Csv-CMPN001x13_260114_LH00793_B23GCKKLT3	quinupristin	streptogramin b	Resistant	3	msr(D) (msr(D)_AF274302), erm(B) (erm(B)_U86375)	R0	Clindamycin_resistant
91Csv-CMPN001x13_260114_LH00793_B23GCKKLT3	pristinamycin ia	streptogramin b	Resistant	3	msr(D) (msr(D)_AF274302), erm(B) (erm(B)_U86375)	R0	Clindamycin_resistant
91Csv-CMPN001x13_260114_LH00793_B23GCKKLT3	virginiamycin s	streptogramin b	Resistant	3	msr(D) (msr(D)_AF274302), erm(B) (erm(B)_U86375)	R0	Clindamycin_resistant
98Cap-CMPN001x19_260114_LH00793_B23GCKKLT3	lincomycin	lincosamide	Resistant	2	erm(B) (erm(B)_X72021), erm(B) (erm(B)_JN899585)	R18	Clindamycin_resistant
98Cap-CMPN001x19_260114_LH00793_B23GCKKLT3	clindamycin	lincosamide	Resistant	2	erm(B) (erm(B)_X72021), erm(B) (erm(B)_JN899585)	R18	Clindamycin_resistant
98Cap-CMPN001x19_260114_LH00793_B23GCKKLT3	erythromycin	macrolide	Resistant	3	msr(D) (msr(D)_AF274302), mef(A) (mef(A)_U83667), erm(B) (erm(B)_X72021), erm(B) (erm(B)_JN899585)	R18	Clindamycin_resistant
98Cap-CMPN001x19_260114_LH00793_B23GCKKLT3	azithromycin	macrolide	Resistant	3	msr(D) (msr(D)_AF274302), mef(A) (mef(A)_U83667)	R18	Clindamycin_resistant
98Cap-CMPN001x19_260114_LH00793_B23GCKKLT3	telithromycin	macrolide	Resistant	3	msr(D) (msr(D)_AF274302)	R18	Clindamycin_resistant
98Cap-CMPN001x19_260114_LH00793_B23GCKKLT3	tetracycline	tetracycline	Resistant	2	tet(M) (tet(M)_FR671418), tetA(46) (tetA(46)_HQ652506), tetB(46) (tetB(46)_HQ652506)	R18	Clindamycin_resistant
98Cap-CMPN001x19_260114_LH00793_B23GCKKLT3	doxycycline	tetracycline	Resistant	2	tet(M) (tet(M)_FR671418), tetA(46) (tetA(46)_HQ652506), tetB(46) (tetB(46)_HQ652506)	R18	Clindamycin_resistant
98Cap-CMPN001x19_260114_LH00793_B23GCKKLT3	minocycline	tetracycline	Resistant	2	tet(M) (tet(M)_FR671418)	R18	Clindamycin_resistant
98Cap-CMPN001x19_260114_LH00793_B23GCKKLT3	tigecycline	tetracycline	Resistant	2	tetA(46) (tetA(46)_HQ652506), tetB(46) (tetB(46)_HQ652506)	R18	Clindamycin_resistant
98Cap-CMPN001x19_260114_LH00793_B23GCKKLT3	quinupristin	streptogramin b	Resistant	3	msr(D) (msr(D)_AF274302), erm(B) (erm(B)_X72021), erm(B) (erm(B)_JN899585)	R18	Clindamycin_resistant
98Cap-CMPN001x19_260114_LH00793_B23GCKKLT3	pristinamycin ia	streptogramin b	Resistant	3	msr(D) (msr(D)_AF274302), erm(B) (erm(B)_X72021), erm(B) (erm(B)_JN899585)	R18	Clindamycin_resistant
98Cap-CMPN001x19_260114_LH00793_B23GCKKLT3	virginiamycin s	streptogramin b	Resistant	3	msr(D) (msr(D)_AF274302), erm(B) (erm(B)_X72021), erm(B) (erm(B)_JN899585)	R18	Clindamycin_resistant
