Sample	Resistance gene	Identity	Alignment Length/Gene Length	Coverage	Position in reference	Contig	Position in contig	Phenotype	Accession no.
0043m-CMPN001x78_260114_LH00793_B23GCKKLT3	msr(D)	100.00	1464/1464	100.0	1..1464	contig00001 len=703055 cov=41.9 corr=0 origname=NODE_1_length_703055_cov_41.898602_pilon sw=shovill-spades/1.0.4 date=20260119	72139..73602	Erythromycin, Azithromycin, Telithromycin, Quinupristin, Pristinamycin IA, Virginiamycin S	AF274302
0043m-CMPN001x78_260114_LH00793_B23GCKKLT3	mef(A)	100.00	1218/1218	100.0	1..1218	contig00001 len=703055 cov=41.9 corr=0 origname=NODE_1_length_703055_cov_41.898602_pilon sw=shovill-spades/1.0.4 date=20260119	73722..74939	Erythromycin, Azithromycin	U83667
0048m-CMPN001x79_260114_LH00793_B23GCKKLT3	msr(D)	99.45	1464/1464	100.0	1..1464	contig00001 len=886968 cov=36.4 corr=0 origname=NODE_1_length_886968_cov_36.372372_pilon sw=shovill-spades/1.0.4 date=20260119	544832..546295	Erythromycin, Azithromycin, Telithromycin, Quinupristin, Pristinamycin IA, Virginiamycin S	AF227520
0048m-CMPN001x79_260114_LH00793_B23GCKKLT3	mef(A)	99.67	1218/1218	100.0	1..1218	contig00001 len=886968 cov=36.4 corr=0 origname=NODE_1_length_886968_cov_36.372372_pilon sw=shovill-spades/1.0.4 date=20260119	543495..544712	Erythromycin, Azithromycin	AF227520
0068m-CMPN001x83_260114_LH00793_B23GCKKLT3	msr(D)	100.00	1464/1464	100.0	1..1464	contig00002 len=184471 cov=31.0 corr=0 origname=NODE_2_length_184471_cov_31.023540_pilon sw=shovill-spades/1.0.4 date=20260119	44341..45804	Erythromycin, Azithromycin, Telithromycin, Quinupristin, Pristinamycin IA, Virginiamycin S	AF274302
0068m-CMPN001x83_260114_LH00793_B23GCKKLT3	mef(A)	99.92	1218/1218	100.0	1..1218	contig00002 len=184471 cov=31.0 corr=0 origname=NODE_2_length_184471_cov_31.023540_pilon sw=shovill-spades/1.0.4 date=20260119	45825..47042	Erythromycin, Azithromycin	U83667
0068m-CMPN001x83_260114_LH00793_B23GCKKLT3	tet(M)	99.48	1920/1920	100.0	1..1920	contig00001 len=424795 cov=23.6 corr=0 origname=NODE_1_length_424795_cov_23.612726_pilon sw=shovill-spades/1.0.4 date=20260119	182704..184623	Doxycycline, Tetracycline, Minocycline	X90939
0076m-CMPN001x85_260114_LH00793_B23GCKKLT3	msr(D)	100.00	1464/1464	100.0	1..1464	contig00016 len=45786 cov=31.2 corr=0 origname=NODE_16_length_45786_cov_31.174330_pilon sw=shovill-spades/1.0.4 date=20260119	38322..39785	Erythromycin, Azithromycin, Telithromycin, Quinupristin, Pristinamycin IA, Virginiamycin S	AF274302
0076m-CMPN001x85_260114_LH00793_B23GCKKLT3	mef(A)	100.00	1218/1218	100.0	1..1218	contig00016 len=45786 cov=31.2 corr=0 origname=NODE_16_length_45786_cov_31.174330_pilon sw=shovill-spades/1.0.4 date=20260119	39905..41122	Erythromycin, Azithromycin	U83667
0076p-CMPN001x86_260114_LH00793_B23GCKKLT3	tetA(46)	94.55	1725/1725	100.0	1..1725	contig00007 len=167409 cov=41.9 corr=0 origname=NODE_7_length_167409_cov_41.929440_pilon sw=shovill-spades/1.0.4 date=20260119	158244..159968	Doxycycline, Tetracycline, Tigecycline	HQ652506
0076p-CMPN001x86_260114_LH00793_B23GCKKLT3	tetB(46)	92.87	1711/1737	98.38802533103052	1..1710	contig00007 len=167409 cov=41.9 corr=0 origname=NODE_7_length_167409_cov_41.929440_pilon sw=shovill-spades/1.0.4 date=20260119	156533..158242	Doxycycline, Tetracycline, Tigecycline	HQ652506
0116p-CMPN001x93_260114_LH00793_B23GCKKLT3	tetA(46)	94.43	1725/1725	100.0	1..1725	contig00001 len=234908 cov=36.0 corr=0 origname=NODE_1_length_234908_cov_35.953381_pilon sw=shovill-spades/1.0.4 date=20260119	177031..178755	Doxycycline, Tetracycline, Tigecycline	HQ652506
0116p-CMPN001x93_260114_LH00793_B23GCKKLT3	tetB(46)	92.81	1711/1737	98.38802533103052	1..1710	contig00001 len=234908 cov=36.0 corr=0 origname=NODE_1_length_234908_cov_35.953381_pilon sw=shovill-spades/1.0.4 date=20260119	175320..177029	Doxycycline, Tetracycline, Tigecycline	HQ652506
0129p-CMPN001x95_260114_LH00793_B23GCKKLT3	tetA(46)	94.67	1725/1725	100.0	1..1725	contig00001 len=260004 cov=25.5 corr=0 origname=NODE_1_length_260004_cov_25.523984_pilon sw=shovill-spades/1.0.4 date=20260119	223083..224807	Doxycycline, Tetracycline, Tigecycline	HQ652506
0129p-CMPN001x95_260114_LH00793_B23GCKKLT3	tetB(46)	91.87	1723/1737	98.96373056994818	1..1721	contig00001 len=260004 cov=25.5 corr=0 origname=NODE_1_length_260004_cov_25.523984_pilon sw=shovill-spades/1.0.4 date=20260119	224809..226529	Doxycycline, Tetracycline, Tigecycline	HQ652506
033Ap-CMPN001x48_260114_LH00793_B23GCKKLT3	msr(D)	100.00	1464/1464	100.0	1..1464	contig00001 len=273545 cov=38.1 corr=0 origname=NODE_1_length_273545_cov_38.137807_pilon sw=shovill-spades/1.0.4 date=20260119	13152..14615	Erythromycin, Azithromycin, Telithromycin, Quinupristin, Pristinamycin IA, Virginiamycin S	AF274302
033Ap-CMPN001x48_260114_LH00793_B23GCKKLT3	mef(A)	100.00	1218/1218	100.0	1..1218	contig00001 len=273545 cov=38.1 corr=0 origname=NODE_1_length_273545_cov_38.137807_pilon sw=shovill-spades/1.0.4 date=20260119	11815..13032	Erythromycin, Azithromycin	U83667
033Ap-CMPN001x48_260114_LH00793_B23GCKKLT3	tetA(46)	94.61	1725/1725	100.0	1..1725	contig00022 len=34931 cov=39.9 corr=0 origname=NODE_22_length_34931_cov_39.907032_pilon sw=shovill-spades/1.0.4 date=20260119	23376..25100	Doxycycline, Tetracycline, Tigecycline	HQ652506
033Ap-CMPN001x48_260114_LH00793_B23GCKKLT3	tetB(46)	92.17	1711/1737	98.38802533103052	1..1710	contig00022 len=34931 cov=39.9 corr=0 origname=NODE_22_length_34931_cov_39.907032_pilon sw=shovill-spades/1.0.4 date=20260119	21665..23374	Doxycycline, Tetracycline, Tigecycline	HQ652506
033Cm-CMPN001x01_260114_LH00793_B23GCKKLT3	erm(B)	100.00	738/738	100.0	1..738	contig00006 len=103392 cov=37.1 corr=0 origname=NODE_6_length_103392_cov_37.141906_pilon sw=shovill-spades/1.0.4 date=20260119	47052..47789	Erythromycin, Lincomycin, Clindamycin, Quinupristin, Pristinamycin IA, Virginiamycin S	U86375
033Cm-CMPN001x01_260114_LH00793_B23GCKKLT3	msr(D)	100.00	1464/1464	100.0	1..1464	contig00010 len=65930 cov=30.7 corr=0 origname=NODE_10_length_65930_cov_30.711250_pilon sw=shovill-spades/1.0.4 date=20260119	11884..13347	Erythromycin, Azithromycin, Telithromycin, Quinupristin, Pristinamycin IA, Virginiamycin S	AF274302
033Cm-CMPN001x01_260114_LH00793_B23GCKKLT3	mef(A)	99.92	1218/1218	100.0	1..1218	contig00010 len=65930 cov=30.7 corr=0 origname=NODE_10_length_65930_cov_30.711250_pilon sw=shovill-spades/1.0.4 date=20260119	10547..11764	Erythromycin, Azithromycin	U83667
033Cm-CMPN001x01_260114_LH00793_B23GCKKLT3	cat(pC194)	100.00	651/651	100.0	1..651	contig00010 len=65930 cov=30.7 corr=0 origname=NODE_10_length_65930_cov_30.711250_pilon sw=shovill-spades/1.0.4 date=20260119	26969..27619	Chloramphenicol	NC_002013
033Cm-CMPN001x01_260114_LH00793_B23GCKKLT3	tet(M)	99.27	1920/1920	100.0	1..1920	contig00006 len=103392 cov=37.1 corr=0 origname=NODE_6_length_103392_cov_37.141906_pilon sw=shovill-spades/1.0.4 date=20260119	44208..46127	Doxycycline, Tetracycline, Minocycline	X04388
039Ap-CMPN001x49_260114_LH00793_B23GCKKLT3	msr(D)	100.00	1464/1464	100.0	1..1464	contig00003 len=144668 cov=29.7 corr=0 origname=NODE_3_length_144668_cov_29.708695_pilon sw=shovill-spades/1.0.4 date=20260119	85287..86750	Erythromycin, Azithromycin, Telithromycin, Quinupristin, Pristinamycin IA, Virginiamycin S	AF274302
039Ap-CMPN001x49_260114_LH00793_B23GCKKLT3	mef(A)	100.00	1218/1218	100.0	1..1218	contig00003 len=144668 cov=29.7 corr=0 origname=NODE_3_length_144668_cov_29.708695_pilon sw=shovill-spades/1.0.4 date=20260119	83950..85167	Erythromycin, Azithromycin	U83667
039Ap-CMPN001x49_260114_LH00793_B23GCKKLT3	tetA(46)	94.84	1725/1725	100.0	1..1725	contig00005 len=99505 cov=37.7 corr=0 origname=NODE_5_length_99505_cov_37.703623_pilon sw=shovill-spades/1.0.4 date=20260119	55839..57563	Doxycycline, Tetracycline, Tigecycline	HQ652506
039Ap-CMPN001x49_260114_LH00793_B23GCKKLT3	tetB(46)	92.23	1711/1737	98.38802533103052	1..1710	contig00005 len=99505 cov=37.7 corr=0 origname=NODE_5_length_99505_cov_37.703623_pilon sw=shovill-spades/1.0.4 date=20260119	54128..55837	Doxycycline, Tetracycline, Tigecycline	HQ652506
039Pp-CMPN001x39_260114_LH00793_B23GCKKLT3	msr(D)	100.00	1464/1464	100.0	1..1464	contig00002 len=669575 cov=32.2 corr=0 origname=NODE_2_length_669575_cov_32.183776_pilon sw=shovill-spades/1.0.4 date=20260119	145792..147255	Erythromycin, Azithromycin, Telithromycin, Quinupristin, Pristinamycin IA, Virginiamycin S	AF274302
039Pp-CMPN001x39_260114_LH00793_B23GCKKLT3	mef(A)	100.00	1218/1218	100.0	1..1218	contig00002 len=669575 cov=32.2 corr=0 origname=NODE_2_length_669575_cov_32.183776_pilon sw=shovill-spades/1.0.4 date=20260119	144455..145672	Erythromycin, Azithromycin	U83667
039Pp-CMPN001x39_260114_LH00793_B23GCKKLT3	tet(M)	99.74	1920/1920	99.89583333333333	1..1920	contig00002 len=669575 cov=32.2 corr=0 origname=NODE_2_length_669575_cov_32.183776_pilon sw=shovill-spades/1.0.4 date=20260119	586942..588859	Doxycycline, Tetracycline, Minocycline	X04388
042Ap-CMPN001x50_260114_LH00793_B23GCKKLT3	tetA(46)	94.55	1725/1725	100.0	1..1725	contig00013 len=59637 cov=36.8 corr=0 origname=NODE_13_length_59637_cov_36.831979_pilon sw=shovill-spades/1.0.4 date=20260119	11679..13403	Doxycycline, Tetracycline, Tigecycline	HQ652506
042Ap-CMPN001x50_260114_LH00793_B23GCKKLT3	tetB(46)	92.56	1721/1737	99.07887161773172	1..1721	contig00013 len=59637 cov=36.8 corr=0 origname=NODE_13_length_59637_cov_36.831979_pilon sw=shovill-spades/1.0.4 date=20260119	9957..11677	Doxycycline, Tetracycline, Tigecycline	HQ652506
042Cg-CMPN001x02_260114_LH00793_B23GCKKLT3	erm(B)	100.00	738/738	100.0	1..738	contig00002 len=364103 cov=34.5 corr=0 origname=NODE_2_length_364103_cov_34.494621_pilon sw=shovill-spades/1.0.4 date=20260119	280385..281122	Erythromycin, Lincomycin, Clindamycin, Quinupristin, Pristinamycin IA, Virginiamycin S	U86375
042Cg-CMPN001x02_260114_LH00793_B23GCKKLT3	tet(M)	99.53	1920/1920	100.0	1..1920	contig00002 len=364103 cov=34.5 corr=0 origname=NODE_2_length_364103_cov_34.494621_pilon sw=shovill-spades/1.0.4 date=20260119	277359..279278	Doxycycline, Tetracycline, Minocycline	X92947
047As-CMPN001x51_260114_LH00793_B23GCKKLT3	erm(B)	100.00	738/738	100.0	1..738	contig00002 len=282760 cov=29.1 corr=0 origname=NODE_2_length_282760_cov_29.082692_pilon sw=shovill-spades/1.0.4 date=20260119	85277..86014	Erythromycin, Lincomycin, Clindamycin, Quinupristin, Pristinamycin IA, Virginiamycin S	U86375
047As-CMPN001x51_260114_LH00793_B23GCKKLT3	msr(D)	99.93	1464/1464	100.0	1..1464	contig00007 len=118504 cov=29.9 corr=0 origname=NODE_7_length_118504_cov_29.933828_pilon sw=shovill-spades/1.0.4 date=20260119	40277..41740	Erythromycin, Azithromycin, Telithromycin, Quinupristin, Pristinamycin IA, Virginiamycin S	AF274302
047As-CMPN001x51_260114_LH00793_B23GCKKLT3	mef(A)	100.00	1218/1218	100.0	1..1218	contig00007 len=118504 cov=29.9 corr=0 origname=NODE_7_length_118504_cov_29.933828_pilon sw=shovill-spades/1.0.4 date=20260119	41860..43077	Erythromycin, Azithromycin	U83667
047As-CMPN001x51_260114_LH00793_B23GCKKLT3	tet(M)	99.74	1920/1920	100.0	1..1920	contig00002 len=282760 cov=29.1 corr=0 origname=NODE_2_length_282760_cov_29.082692_pilon sw=shovill-spades/1.0.4 date=20260119	82251..84170	Doxycycline, Tetracycline, Minocycline	X75073
047Cs-CMPN001x03_260114_LH00793_B23GCKKLT3	erm(B)	100.00	738/738	100.0	1..738	contig00009 len=103768 cov=28.4 corr=0 origname=NODE_9_length_103768_cov_28.379477_pilon sw=shovill-spades/1.0.4 date=20260119	55003..55740	Erythromycin, Lincomycin, Clindamycin, Quinupristin, Pristinamycin IA, Virginiamycin S	U86375
047Cs-CMPN001x03_260114_LH00793_B23GCKKLT3	msr(D)	99.93	1464/1464	100.0	1..1464	contig00016 len=37908 cov=31.5 corr=0 origname=NODE_16_length_37908_cov_31.460137_pilon sw=shovill-spades/1.0.4 date=20260119	2223..3686	Erythromycin, Azithromycin, Telithromycin, Quinupristin, Pristinamycin IA, Virginiamycin S	AF274302
047Cs-CMPN001x03_260114_LH00793_B23GCKKLT3	mef(A)	100.00	1218/1218	100.0	1..1218	contig00016 len=37908 cov=31.5 corr=0 origname=NODE_16_length_37908_cov_31.460137_pilon sw=shovill-spades/1.0.4 date=20260119	3806..5023	Erythromycin, Azithromycin	U83667
047Cs-CMPN001x03_260114_LH00793_B23GCKKLT3	tet(M)	99.79	1920/1920	100.0	1..1920	contig00009 len=103768 cov=28.4 corr=0 origname=NODE_9_length_103768_cov_28.379477_pilon sw=shovill-spades/1.0.4 date=20260119	56847..58766	Doxycycline, Tetracycline, Minocycline	X04388
050Cc-CMPN001x04_260114_LH00793_B23GCKKLT3	erm(B)	100.00	738/738	100.0	1..738	contig00006 len=159796 cov=28.2 corr=0 origname=NODE_6_length_159796_cov_28.223923_pilon sw=shovill-spades/1.0.4 date=20260119	87545..88282	Erythromycin, Lincomycin, Clindamycin, Quinupristin, Pristinamycin IA, Virginiamycin S	U86375
050Cc-CMPN001x04_260114_LH00793_B23GCKKLT3	tet(M)	97.66	1920/1920	100.0	1..1920	contig00006 len=159796 cov=28.2 corr=0 origname=NODE_6_length_159796_cov_28.223923_pilon sw=shovill-spades/1.0.4 date=20260119	84519..86438	Doxycycline, Tetracycline, Minocycline	X75073
053Ap-CMPN001x52_260114_LH00793_B23GCKKLT3	tetA(46)	94.43	1725/1725	100.0	1..1725	contig00003 len=217996 cov=31.4 corr=0 origname=NODE_3_length_217996_cov_31.359213_pilon sw=shovill-spades/1.0.4 date=20260119	159765..161489	Doxycycline, Tetracycline, Tigecycline	HQ652506
053Ap-CMPN001x52_260114_LH00793_B23GCKKLT3	tetB(46)	92.04	1722/1737	99.02130109383995	1..1721	contig00003 len=217996 cov=31.4 corr=0 origname=NODE_3_length_217996_cov_31.359213_pilon sw=shovill-spades/1.0.4 date=20260119	161491..163211	Doxycycline, Tetracycline, Tigecycline	HQ652506
062Ca-CMPN001x06_260114_LH00793_B23GCKKLT3	erm(B)	100.00	738/738	100.0	1..738	contig00001 len=264114 cov=35.2 corr=0 origname=NODE_1_length_264114_cov_35.222257_pilon sw=shovill-spades/1.0.4 date=20260119	149413..150150	Erythromycin, Lincomycin, Clindamycin, Quinupristin, Pristinamycin IA, Virginiamycin S	X72021
066Pp-CMPN001x40_260114_LH00793_B23GCKKLT3	msr(D)	100.00	1464/1464	100.0	1..1464	contig00001 len=545070 cov=27.7 corr=0 origname=NODE_1_length_545070_cov_27.710247_pilon sw=shovill-spades/1.0.4 date=20260119	302927..304390	Erythromycin, Azithromycin, Telithromycin, Quinupristin, Pristinamycin IA, Virginiamycin S	AF274302
066Pp-CMPN001x40_260114_LH00793_B23GCKKLT3	mef(A)	100.00	1218/1218	100.0	1..1218	contig00001 len=545070 cov=27.7 corr=0 origname=NODE_1_length_545070_cov_27.710247_pilon sw=shovill-spades/1.0.4 date=20260119	301590..302807	Erythromycin, Azithromycin	U83667
066Pp-CMPN001x40_260114_LH00793_B23GCKKLT3	tetA(46)	94.03	1725/1725	100.0	1..1725	contig00003 len=183129 cov=29.0 corr=0 origname=NODE_3_length_183129_cov_28.958498_pilon sw=shovill-spades/1.0.4 date=20260119	173136..174860	Doxycycline, Tetracycline, Tigecycline	HQ652506
066Pp-CMPN001x40_260114_LH00793_B23GCKKLT3	tetB(46)	92.22	1722/1737	99.02130109383995	1..1721	contig00003 len=183129 cov=29.0 corr=0 origname=NODE_3_length_183129_cov_28.958498_pilon sw=shovill-spades/1.0.4 date=20260119	171414..173134	Doxycycline, Tetracycline, Tigecycline	HQ652506
066Pp-CMPN001x40_260114_LH00793_B23GCKKLT3	tet(O)	99.90	1920/1920	100.0	1..1920	contig00015 len=30153 cov=27.4 corr=0 origname=NODE_15_length_30153_cov_27.432712_pilon sw=shovill-spades/1.0.4 date=20260119	6682..8601	Doxycycline, Tetracycline, Minocycline	Y07780
069Cv-CMPN001x07_260114_LH00793_B23GCKKLT3	erm(B)	100.00	738/738	100.0	1..738	contig00003 len=102495 cov=28.8 corr=0 origname=NODE_3_length_102495_cov_28.813218_pilon sw=shovill-spades/1.0.4 date=20260119	55271..56008	Erythromycin, Lincomycin, Clindamycin, Quinupristin, Pristinamycin IA, Virginiamycin S	U86375
069Cv-CMPN001x07_260114_LH00793_B23GCKKLT3	tet(M)	99.64	1920/1920	100.0	1..1920	contig00003 len=102495 cov=28.8 corr=0 origname=NODE_3_length_102495_cov_28.813218_pilon sw=shovill-spades/1.0.4 date=20260119	52243..54162	Doxycycline, Tetracycline, Minocycline	X92947
070Ca-CMPN001x08_260114_LH00793_B23GCKKLT3	erm(B)	100.00	738/738	100.0	1..738	contig00001 len=718349 cov=38.3 corr=0 origname=NODE_1_length_718349_cov_38.303231_pilon sw=shovill-spades/1.0.4 date=20260119	405107..405844	Erythromycin, Lincomycin, Clindamycin, Quinupristin, Pristinamycin IA, Virginiamycin S	U86375
070Ca-CMPN001x08_260114_LH00793_B23GCKKLT3	tet(W)	100.00	1920/1920	100.0	1..1920	contig00001 len=718349 cov=38.3 corr=0 origname=NODE_1_length_718349_cov_38.303231_pilon sw=shovill-spades/1.0.4 date=20260119	271383..273302	Doxycycline, Tetracycline, Minocycline	AJ427422
070Ca-CMPN001x08_260114_LH00793_B23GCKKLT3	tet(M)	99.69	1920/1920	100.0	1..1920	contig00001 len=718349 cov=38.3 corr=0 origname=NODE_1_length_718349_cov_38.303231_pilon sw=shovill-spades/1.0.4 date=20260119	406951..408870	Doxycycline, Tetracycline, Minocycline	FR671418
074Ca-CMPN001x09_260114_LH00793_B23GCKKLT3	erm(B)	100.00	738/738	100.0	1..738	contig00004 len=187844 cov=28.7 corr=0 origname=NODE_4_length_187844_cov_28.673018_pilon sw=shovill-spades/1.0.4 date=20260119	58963..59700	Erythromycin, Lincomycin, Clindamycin, Quinupristin, Pristinamycin IA, Virginiamycin S	U86375
074Ca-CMPN001x09_260114_LH00793_B23GCKKLT3	tet(M)	99.74	1920/1920	100.0	1..1920	contig00004 len=187844 cov=28.7 corr=0 origname=NODE_4_length_187844_cov_28.673018_pilon sw=shovill-spades/1.0.4 date=20260119	60807..62726	Doxycycline, Tetracycline, Minocycline	FR671418
079As-CMPN001x53_260114_LH00793_B23GCKKLT3	erm(B)	98.72	548/762	71.78477690288713	1..547	contig00055 len=1088 cov=2.8 corr=0 origname=NODE_55_length_1088_cov_2.782953_pilon sw=shovill-spades/1.0.4 date=20260119	541..1088	Erythromycin, Lincomycin, Clindamycin, Quinupristin, Pristinamycin IA, Virginiamycin S	X66468
079As-CMPN001x53_260114_LH00793_B23GCKKLT3	tet(M)	99.53	1920/1920	100.0	1..1920	contig00015 len=56794 cov=7.2 corr=0 origname=NODE_15_length_56794_cov_7.245455_pilon sw=shovill-spades/1.0.4 date=20260119	565..2484	Doxycycline, Tetracycline, Minocycline	X92947
079Cs-CMPN001x10_260114_LH00793_B23GCKKLT3	erm(B)	99.86	738/738	100.0	1..738	contig00001 len=565796 cov=28.3 corr=0 origname=NODE_1_length_565796_cov_28.321006_pilon sw=shovill-spades/1.0.4 date=20260119	99114..99851	Erythromycin, Lincomycin, Clindamycin, Quinupristin, Pristinamycin IA, Virginiamycin S	X72021
079Cs-CMPN001x10_260114_LH00793_B23GCKKLT3	erm(B)	99.86	738/738	100.0	1..738	contig00001 len=565796 cov=28.3 corr=0 origname=NODE_1_length_565796_cov_28.321006_pilon sw=shovill-spades/1.0.4 date=20260119	99114..99851	Erythromycin, Lincomycin, Clindamycin, Quinupristin, Pristinamycin IA, Virginiamycin S	JN899585
079Cs-CMPN001x10_260114_LH00793_B23GCKKLT3	tet(M)	99.53	1920/1920	100.0	1..1920	contig00001 len=565796 cov=28.3 corr=0 origname=NODE_1_length_565796_cov_28.321006_pilon sw=shovill-spades/1.0.4 date=20260119	96088..98007	Doxycycline, Tetracycline, Minocycline	X92947
079Ps-CMPN001x41_260114_LH00793_B23GCKKLT3	msr(D)	99.93	1464/1464	100.0	1..1464	contig00002 len=279946 cov=39.0 corr=0 origname=NODE_2_length_279946_cov_39.021640_pilon sw=shovill-spades/1.0.4 date=20260119	239129..240592	Erythromycin, Azithromycin, Telithromycin, Quinupristin, Pristinamycin IA, Virginiamycin S	AF274302
079Ps-CMPN001x41_260114_LH00793_B23GCKKLT3	mef(A)	100.00	1218/1218	100.0	1..1218	contig00002 len=279946 cov=39.0 corr=0 origname=NODE_2_length_279946_cov_39.021640_pilon sw=shovill-spades/1.0.4 date=20260119	237792..239009	Erythromycin, Azithromycin	U83667
083Cg-CMPN001x11_260114_LH00793_B23GCKKLT3	erm(B)	100.00	738/738	100.0	1..738	contig00002 len=559490 cov=30.7 corr=0 origname=NODE_2_length_559490_cov_30.663839_pilon sw=shovill-spades/1.0.4 date=20260119	110934..111671	Erythromycin, Lincomycin, Clindamycin, Quinupristin, Pristinamycin IA, Virginiamycin S	U86375
083Cg-CMPN001x11_260114_LH00793_B23GCKKLT3	tet(M)	99.90	1920/1920	100.0	1..1920	contig00002 len=559490 cov=30.7 corr=0 origname=NODE_2_length_559490_cov_30.663839_pilon sw=shovill-spades/1.0.4 date=20260119	112778..114697	Doxycycline, Tetracycline, Minocycline	X75073
089Cs-CMPN001x12_260114_LH00793_B23GCKKLT3	erm(B)	100.00	738/738	100.0	1..738	contig00013 len=52585 cov=27.0 corr=0 origname=NODE_13_length_52585_cov_27.036755_pilon sw=shovill-spades/1.0.4 date=20260119	39114..39851	Erythromycin, Lincomycin, Clindamycin, Quinupristin, Pristinamycin IA, Virginiamycin S	U86375
089Cs-CMPN001x12_260114_LH00793_B23GCKKLT3	tet(M)	100.00	1920/1920	100.0	1..1920	contig00013 len=52585 cov=27.0 corr=0 origname=NODE_13_length_52585_cov_27.036755_pilon sw=shovill-spades/1.0.4 date=20260119	40958..42877	Doxycycline, Tetracycline, Minocycline	AM990992
092Cs-CMPN001x14_260114_LH00793_B23GCKKLT3	msr(D)	100.00	1464/1464	100.0	1..1464	contig00001 len=1060950 cov=40.0 corr=0 origname=NODE_1_length_1060950_cov_39.980440_pilon sw=shovill-spades/1.0.4 date=20260119	717697..719160	Erythromycin, Azithromycin, Telithromycin, Quinupristin, Pristinamycin IA, Virginiamycin S	AF274302
092Cs-CMPN001x14_260114_LH00793_B23GCKKLT3	mef(A)	100.00	1218/1218	100.0	1..1218	contig00001 len=1060950 cov=40.0 corr=0 origname=NODE_1_length_1060950_cov_39.980440_pilon sw=shovill-spades/1.0.4 date=20260119	719280..720497	Erythromycin, Azithromycin	U83667
092Cs-CMPN001x14_260114_LH00793_B23GCKKLT3	erm(B)	99.86	738/738	100.0	1..738	contig00001 len=1060950 cov=40.0 corr=0 origname=NODE_1_length_1060950_cov_39.980440_pilon sw=shovill-spades/1.0.4 date=20260119	343611..344348	Erythromycin, Lincomycin, Clindamycin, Quinupristin, Pristinamycin IA, Virginiamycin S	JN899585
092Cs-CMPN001x14_260114_LH00793_B23GCKKLT3	tet(M)	98.18	1920/1920	100.0	1..1920	contig00001 len=1060950 cov=40.0 corr=0 origname=NODE_1_length_1060950_cov_39.980440_pilon sw=shovill-spades/1.0.4 date=20260119	340585..342504	Doxycycline, Tetracycline, Minocycline	X90939
092Cv-CMPN001x15_260114_LH00793_B23GCKKLT3	msr(D)	99.93	1464/1464	100.0	1..1464	contig00004 len=202666 cov=31.7 corr=0 origname=NODE_4_length_202666_cov_31.723054_pilon sw=shovill-spades/1.0.4 date=20260119	74843..76306	Erythromycin, Azithromycin, Telithromycin, Quinupristin, Pristinamycin IA, Virginiamycin S	AF274302
092Cv-CMPN001x15_260114_LH00793_B23GCKKLT3	mef(A)	100.00	1218/1218	100.0	1..1218	contig00004 len=202666 cov=31.7 corr=0 origname=NODE_4_length_202666_cov_31.723054_pilon sw=shovill-spades/1.0.4 date=20260119	76426..77643	Erythromycin, Azithromycin	U83667
092Cv-CMPN001x15_260114_LH00793_B23GCKKLT3	lsa(C)	94.52	1479/1479	100.0	1..1479	contig00005 len=199537 cov=26.9 corr=0 origname=NODE_5_length_199537_cov_26.891388_pilon sw=shovill-spades/1.0.4 date=20260119	150526..152004	Lincomycin, Clindamycin, Dalfopristin, Pristinamycin IIA, Virginiamycin M, Tiamulin	HM990671
092Cv-CMPN001x15_260114_LH00793_B23GCKKLT3	erm(B)	100.00	738/738	100.0	1..738	contig00005 len=199537 cov=26.9 corr=0 origname=NODE_5_length_199537_cov_26.891388_pilon sw=shovill-spades/1.0.4 date=20260119	133511..134248	Erythromycin, Lincomycin, Clindamycin, Quinupristin, Pristinamycin IA, Virginiamycin S	U86375
092Cv-CMPN001x15_260114_LH00793_B23GCKKLT3	tet(M)	99.90	1920/1920	100.0	1..1920	contig00005 len=199537 cov=26.9 corr=0 origname=NODE_5_length_199537_cov_26.891388_pilon sw=shovill-spades/1.0.4 date=20260119	135355..137274	Doxycycline, Tetracycline, Minocycline	X75073
094Cm-CMPN001x16_260114_LH00793_B23GCKKLT3	msr(D)	100.00	1464/1464	100.0	1..1464	contig00002 len=249892 cov=33.4 corr=0 origname=NODE_2_length_249892_cov_33.406848_pilon sw=shovill-spades/1.0.4 date=20260119	45249..46712	Erythromycin, Azithromycin, Telithromycin, Quinupristin, Pristinamycin IA, Virginiamycin S	AF274302
094Cm-CMPN001x16_260114_LH00793_B23GCKKLT3	mef(A)	100.00	1218/1218	100.0	1..1218	contig00002 len=249892 cov=33.4 corr=0 origname=NODE_2_length_249892_cov_33.406848_pilon sw=shovill-spades/1.0.4 date=20260119	43912..45129	Erythromycin, Azithromycin	U83667
094Cm-CMPN001x16_260114_LH00793_B23GCKKLT3	lsa(C)	93.55	1256/1479	84.92224475997295	224..1479	contig00004 len=210592 cov=39.7 corr=0 origname=NODE_4_length_210592_cov_39.698139_pilon sw=shovill-spades/1.0.4 date=20260119	209337..210592	Lincomycin, Clindamycin, Dalfopristin, Pristinamycin IIA, Virginiamycin M, Tiamulin	HM990671
094Cm-CMPN001x16_260114_LH00793_B23GCKKLT3	lsa(C)	99.76	1256/1479	84.92224475997295	224..1479	contig00015 len=32676 cov=38.4 corr=0 origname=NODE_15_length_32676_cov_38.446156_pilon sw=shovill-spades/1.0.4 date=20260119	31421..32676	Lincomycin, Clindamycin, Dalfopristin, Pristinamycin IIA, Virginiamycin M, Tiamulin	HM990671
094Cm-CMPN001x16_260114_LH00793_B23GCKKLT3	tet(M)	99.79	1920/1920	100.0	1..1920	contig00003 len=238058 cov=40.2 corr=0 origname=NODE_3_length_238058_cov_40.182105_pilon sw=shovill-spades/1.0.4 date=20260119	13129..15048	Doxycycline, Tetracycline, Minocycline	FR671418
098Cp-CMPN001x18_260114_LH00793_B23GCKKLT3	msr(D)	100.00	1464/1464	100.0	1..1464	contig00001 len=1148066 cov=32.7 corr=0 origname=NODE_1_length_1148066_cov_32.706879_pilon sw=shovill-spades/1.0.4 date=20260119	518180..519643	Erythromycin, Azithromycin, Telithromycin, Quinupristin, Pristinamycin IA, Virginiamycin S	AF274302
098Cp-CMPN001x18_260114_LH00793_B23GCKKLT3	mef(A)	99.92	1218/1218	100.0	1..1218	contig00001 len=1148066 cov=32.7 corr=0 origname=NODE_1_length_1148066_cov_32.706879_pilon sw=shovill-spades/1.0.4 date=20260119	516843..518060	Erythromycin, Azithromycin	U83667
098Cp-CMPN001x18_260114_LH00793_B23GCKKLT3	erm(B)	99.86	738/738	100.0	1..738	contig00001 len=1148066 cov=32.7 corr=0 origname=NODE_1_length_1148066_cov_32.706879_pilon sw=shovill-spades/1.0.4 date=20260119	313559..314296	Erythromycin, Lincomycin, Clindamycin, Quinupristin, Pristinamycin IA, Virginiamycin S	X72021
098Cp-CMPN001x18_260114_LH00793_B23GCKKLT3	erm(B)	99.86	738/738	100.0	1..738	contig00001 len=1148066 cov=32.7 corr=0 origname=NODE_1_length_1148066_cov_32.706879_pilon sw=shovill-spades/1.0.4 date=20260119	313559..314296	Erythromycin, Lincomycin, Clindamycin, Quinupristin, Pristinamycin IA, Virginiamycin S	JN899585
098Cp-CMPN001x18_260114_LH00793_B23GCKKLT3	tet(M)	99.64	1920/1920	100.0	1..1920	contig00001 len=1148066 cov=32.7 corr=0 origname=NODE_1_length_1148066_cov_32.706879_pilon sw=shovill-spades/1.0.4 date=20260119	310533..312452	Doxycycline, Tetracycline, Minocycline	FR671418
098Cp-CMPN001x18_260114_LH00793_B23GCKKLT3	tetA(46)	91.88	1725/1725	100.0	1..1725	contig00001 len=1148066 cov=32.7 corr=0 origname=NODE_1_length_1148066_cov_32.706879_pilon sw=shovill-spades/1.0.4 date=20260119	245766..247490	Doxycycline, Tetracycline, Tigecycline	HQ652506
098Cp-CMPN001x18_260114_LH00793_B23GCKKLT3	tetB(46)	90.56	1738/1737	99.94242947610823	1..1737	contig00001 len=1148066 cov=32.7 corr=0 origname=NODE_1_length_1148066_cov_32.706879_pilon sw=shovill-spades/1.0.4 date=20260119	247492..249228	Doxycycline, Tetracycline, Tigecycline	HQ652506
100Cs-CMPN001x20_260114_LH00793_B23GCKKLT3	erm(B)	100.00	738/738	100.0	1..738	contig00001 len=869642 cov=31.8 corr=0 origname=NODE_1_length_869642_cov_31.800369_pilon sw=shovill-spades/1.0.4 date=20260119	591865..592602	Erythromycin, Lincomycin, Clindamycin, Quinupristin, Pristinamycin IA, Virginiamycin S	X72021
100Cs-CMPN001x20_260114_LH00793_B23GCKKLT3	tet(M)	99.79	1920/1920	100.0	1..1920	contig00001 len=869642 cov=31.8 corr=0 origname=NODE_1_length_869642_cov_31.800369_pilon sw=shovill-spades/1.0.4 date=20260119	602517..604436	Doxycycline, Tetracycline, Minocycline	FR671418
103Cs-CMPN001x21_260114_LH00793_B23GCKKLT3	lsa(C)	99.80	1479/1479	100.0	1..1479	contig00009 len=97180 cov=33.9 corr=0 origname=NODE_9_length_97180_cov_33.907702_pilon sw=shovill-spades/1.0.4 date=20260119	39406..40884	Lincomycin, Clindamycin, Dalfopristin, Pristinamycin IIA, Virginiamycin M, Tiamulin	HM990671
104Ap-CMPN001x55_260114_LH00793_B23GCKKLT3	msr(D)	100.00	1464/1464	100.0	1..1464	contig00005 len=111292 cov=21.6 corr=0 origname=NODE_5_length_111292_cov_21.612336_pilon sw=shovill-spades/1.0.4 date=20260119	76627..78090	Erythromycin, Azithromycin, Telithromycin, Quinupristin, Pristinamycin IA, Virginiamycin S	AF274302
104Ap-CMPN001x55_260114_LH00793_B23GCKKLT3	mef(A)	99.92	1218/1218	100.0	1..1218	contig00005 len=111292 cov=21.6 corr=0 origname=NODE_5_length_111292_cov_21.612336_pilon sw=shovill-spades/1.0.4 date=20260119	78210..79427	Erythromycin, Azithromycin	U83667
104Ap-CMPN001x55_260114_LH00793_B23GCKKLT3	tetA(46)	94.72	1725/1725	100.0	1..1725	contig00001 len=220346 cov=30.6 corr=0 origname=NODE_1_length_220346_cov_30.566856_pilon sw=shovill-spades/1.0.4 date=20260119	40376..42100	Doxycycline, Tetracycline, Tigecycline	HQ652506
104Ap-CMPN001x55_260114_LH00793_B23GCKKLT3	tetB(46)	92.70	1712/1737	98.33045480713875	1..1710	contig00001 len=220346 cov=30.6 corr=0 origname=NODE_1_length_220346_cov_30.566856_pilon sw=shovill-spades/1.0.4 date=20260119	42102..43811	Doxycycline, Tetracycline, Tigecycline	HQ652506
104Ap-CMPN001x55_260114_LH00793_B23GCKKLT3	tet(O)	99.79	1920/1920	100.0	1..1920	contig00006 len=108826 cov=26.9 corr=0 origname=NODE_6_length_108826_cov_26.868583_pilon sw=shovill-spades/1.0.4 date=20260119	81819..83738	Doxycycline, Tetracycline, Minocycline	M18896
104Csv-CMPN001x22_260114_LH00793_B23GCKKLT3	erm(B)	99.86	738/738	100.0	1..738	contig00006 len=122484 cov=20.0 corr=0 origname=NODE_6_length_122484_cov_20.047442_pilon sw=shovill-spades/1.0.4 date=20260119	13588..14325	Erythromycin, Lincomycin, Clindamycin, Quinupristin, Pristinamycin IA, Virginiamycin S	X72021
104Csv-CMPN001x22_260114_LH00793_B23GCKKLT3	erm(B)	99.86	738/738	100.0	1..738	contig00006 len=122484 cov=20.0 corr=0 origname=NODE_6_length_122484_cov_20.047442_pilon sw=shovill-spades/1.0.4 date=20260119	13588..14325	Erythromycin, Lincomycin, Clindamycin, Quinupristin, Pristinamycin IA, Virginiamycin S	JN899585
104Csv-CMPN001x22_260114_LH00793_B23GCKKLT3	tet(M)	100.00	1920/1920	100.0	1..1920	contig00006 len=122484 cov=20.0 corr=0 origname=NODE_6_length_122484_cov_20.047442_pilon sw=shovill-spades/1.0.4 date=20260119	10562..12481	Doxycycline, Tetracycline, Minocycline	X04388
105Cc-CMPN001x23_260114_LH00793_B23GCKKLT3	erm(B)	100.00	738/738	100.0	1..738	contig00003 len=233925 cov=29.1 corr=0 origname=NODE_3_length_233925_cov_29.073838_pilon sw=shovill-spades/1.0.4 date=20260119	147756..148493	Erythromycin, Lincomycin, Clindamycin, Quinupristin, Pristinamycin IA, Virginiamycin S	X72021
105Cc-CMPN001x23_260114_LH00793_B23GCKKLT3	tet(M)	99.48	1920/1920	100.0	1..1920	contig00003 len=233925 cov=29.1 corr=0 origname=NODE_3_length_233925_cov_29.073838_pilon sw=shovill-spades/1.0.4 date=20260119	135919..137838	Doxycycline, Tetracycline, Minocycline	X90939
108Cap-CMPN001x24_260114_LH00793_B23GCKKLT3	erm(B)	100.00	738/738	100.0	1..738	contig00001 len=1047066 cov=31.8 corr=0 origname=NODE_1_length_1047066_cov_31.768397_pilon sw=shovill-spades/1.0.4 date=20260119	115872..116609	Erythromycin, Lincomycin, Clindamycin, Quinupristin, Pristinamycin IA, Virginiamycin S	X72021
108Cap-CMPN001x24_260114_LH00793_B23GCKKLT3	tet(M)	99.84	1920/1920	100.0	1..1920	contig00001 len=1047066 cov=31.8 corr=0 origname=NODE_1_length_1047066_cov_31.768397_pilon sw=shovill-spades/1.0.4 date=20260119	126527..128446	Doxycycline, Tetracycline, Minocycline	FR671418
108Cv-CMPN001x25_260114_LH00793_B23GCKKLT3	erm(B)	100.00	738/738	100.0	1..738	contig00001 len=270306 cov=31.3 corr=0 origname=NODE_1_length_270306_cov_31.258638_pilon sw=shovill-spades/1.0.4 date=20260119	97080..97817	Erythromycin, Lincomycin, Clindamycin, Quinupristin, Pristinamycin IA, Virginiamycin S	U86375
108Cv-CMPN001x25_260114_LH00793_B23GCKKLT3	tet(M)	99.64	1920/1920	100.0	1..1920	contig00001 len=270306 cov=31.3 corr=0 origname=NODE_1_length_270306_cov_31.258638_pilon sw=shovill-spades/1.0.4 date=20260119	94054..95973	Doxycycline, Tetracycline, Minocycline	X92947
110Am-CMPN001x56_260114_LH00793_B23GCKKLT3	msr(D)	100.00	1464/1464	100.0	1..1464	contig00004 len=154307 cov=27.2 corr=0 origname=NODE_4_length_154307_cov_27.221183_pilon sw=shovill-spades/1.0.4 date=20260119	24135..25598	Erythromycin, Azithromycin, Telithromycin, Quinupristin, Pristinamycin IA, Virginiamycin S	AF274302
110Am-CMPN001x56_260114_LH00793_B23GCKKLT3	mef(A)	99.92	1218/1218	100.0	1..1218	contig00004 len=154307 cov=27.2 corr=0 origname=NODE_4_length_154307_cov_27.221183_pilon sw=shovill-spades/1.0.4 date=20260119	22798..24015	Erythromycin, Azithromycin	U83667
110Ca-CMPN001x26_260114_LH00793_B23GCKKLT3	erm(B)	100.00	738/738	100.0	1..738	contig00004 len=149246 cov=37.0 corr=0 origname=NODE_4_length_149246_cov_36.965801_pilon sw=shovill-spades/1.0.4 date=20260119	36079..36816	Erythromycin, Lincomycin, Clindamycin, Quinupristin, Pristinamycin IA, Virginiamycin S	U86375
110Ca-CMPN001x26_260114_LH00793_B23GCKKLT3	tet(M)	99.84	1920/1920	100.0	1..1920	contig00004 len=149246 cov=37.0 corr=0 origname=NODE_4_length_149246_cov_36.965801_pilon sw=shovill-spades/1.0.4 date=20260119	33053..34972	Doxycycline, Tetracycline, Minocycline	FR671418
110Cm-CMPN001x27_260114_LH00793_B23GCKKLT3	lsa(C)	99.73	1479/1479	100.0	1..1479	contig00001 len=325538 cov=33.4 corr=0 origname=NODE_1_length_325538_cov_33.353081_pilon sw=shovill-spades/1.0.4 date=20260119	247190..248668	Lincomycin, Clindamycin, Dalfopristin, Pristinamycin IIA, Virginiamycin M, Tiamulin	HM990671
110Cm-CMPN001x27_260114_LH00793_B23GCKKLT3	msr(D)	100.00	1464/1464	100.0	1..1464	contig00001 len=325538 cov=33.4 corr=0 origname=NODE_1_length_325538_cov_33.353081_pilon sw=shovill-spades/1.0.4 date=20260119	278324..279787	Erythromycin, Azithromycin, Telithromycin, Quinupristin, Pristinamycin IA, Virginiamycin S	AF274302
110Cm-CMPN001x27_260114_LH00793_B23GCKKLT3	mef(A)	100.00	1218/1218	100.0	1..1218	contig00001 len=325538 cov=33.4 corr=0 origname=NODE_1_length_325538_cov_33.353081_pilon sw=shovill-spades/1.0.4 date=20260119	279808..281025	Erythromycin, Azithromycin	U83667
110Cm-CMPN001x27_260114_LH00793_B23GCKKLT3	erm(B)	99.86	738/738	100.0	1..738	contig00001 len=325538 cov=33.4 corr=0 origname=NODE_1_length_325538_cov_33.353081_pilon sw=shovill-spades/1.0.4 date=20260119	230309..231046	Erythromycin, Lincomycin, Clindamycin, Quinupristin, Pristinamycin IA, Virginiamycin S	X72021
110Cm-CMPN001x27_260114_LH00793_B23GCKKLT3	erm(B)	99.86	738/738	100.0	1..738	contig00001 len=325538 cov=33.4 corr=0 origname=NODE_1_length_325538_cov_33.353081_pilon sw=shovill-spades/1.0.4 date=20260119	230309..231046	Erythromycin, Lincomycin, Clindamycin, Quinupristin, Pristinamycin IA, Virginiamycin S	JN899585
110Cm-CMPN001x27_260114_LH00793_B23GCKKLT3	tet(M)	99.53	1920/1920	100.0	1..1920	contig00001 len=325538 cov=33.4 corr=0 origname=NODE_1_length_325538_cov_33.353081_pilon sw=shovill-spades/1.0.4 date=20260119	232153..234072	Doxycycline, Tetracycline, Minocycline	FR671418
111Ap-CMPN001x58_260114_LH00793_B23GCKKLT3	msr(D)	99.93	1464/1464	100.0	1..1464	contig00004 len=175180 cov=31.7 corr=0 origname=NODE_4_length_175180_cov_31.677969_pilon sw=shovill-spades/1.0.4 date=20260119	75819..77282	Erythromycin, Azithromycin, Telithromycin, Quinupristin, Pristinamycin IA, Virginiamycin S	AF274302
111Ap-CMPN001x58_260114_LH00793_B23GCKKLT3	mef(A)	99.92	1218/1218	99.91789819376025	1..1218	contig00004 len=175180 cov=31.7 corr=0 origname=NODE_4_length_175180_cov_31.677969_pilon sw=shovill-spades/1.0.4 date=20260119	74483..75699	Erythromycin, Azithromycin	U83667
111Ap-CMPN001x58_260114_LH00793_B23GCKKLT3	tetA(46)	94.43	1725/1725	100.0	1..1725	contig00001 len=335635 cov=39.4 corr=0 origname=NODE_1_length_335635_cov_39.409130_pilon sw=shovill-spades/1.0.4 date=20260119	300767..302491	Doxycycline, Tetracycline, Tigecycline	HQ652506
111Ap-CMPN001x58_260114_LH00793_B23GCKKLT3	tetB(46)	92.81	1711/1737	98.38802533103052	1..1710	contig00001 len=335635 cov=39.4 corr=0 origname=NODE_1_length_335635_cov_39.409130_pilon sw=shovill-spades/1.0.4 date=20260119	302493..304202	Doxycycline, Tetracycline, Tigecycline	HQ652506
112Csv-CMPN001x28_260114_LH00793_B23GCKKLT3	erm(B)	100.00	738/738	100.0	1..738	contig00003 len=211675 cov=26.2 corr=0 origname=NODE_3_length_211675_cov_26.182387_pilon sw=shovill-spades/1.0.4 date=20260119	136200..136937	Erythromycin, Lincomycin, Clindamycin, Quinupristin, Pristinamycin IA, Virginiamycin S	U86375
112Csv-CMPN001x28_260114_LH00793_B23GCKKLT3	tet(M)	99.90	1920/1920	100.0	1..1920	contig00003 len=211675 cov=26.2 corr=0 origname=NODE_3_length_211675_cov_26.182387_pilon sw=shovill-spades/1.0.4 date=20260119	138044..139963	Doxycycline, Tetracycline, Minocycline	X75073
113Ap-CMPN001x59_260114_LH00793_B23GCKKLT3	msr(D)	100.00	1464/1464	100.0	1..1464	contig00003 len=267382 cov=29.3 corr=0 origname=NODE_3_length_267382_cov_29.270074_pilon sw=shovill-spades/1.0.4 date=20260119	262308..263771	Erythromycin, Azithromycin, Telithromycin, Quinupristin, Pristinamycin IA, Virginiamycin S	AF274302
113Ap-CMPN001x59_260114_LH00793_B23GCKKLT3	mef(A)	99.84	1218/1218	100.0	1..1218	contig00003 len=267382 cov=29.3 corr=0 origname=NODE_3_length_267382_cov_29.270074_pilon sw=shovill-spades/1.0.4 date=20260119	263891..265108	Erythromycin, Azithromycin	U83667
113Ap-CMPN001x59_260114_LH00793_B23GCKKLT3	tetA(46)	94.20	1725/1725	100.0	1..1725	contig00002 len=528432 cov=30.2 corr=0 origname=NODE_2_length_528432_cov_30.211264_pilon sw=shovill-spades/1.0.4 date=20260119	105943..107667	Doxycycline, Tetracycline, Tigecycline	HQ652506
113Ap-CMPN001x59_260114_LH00793_B23GCKKLT3	tetB(46)	92.57	1722/1737	99.02130109383995	1..1721	contig00002 len=528432 cov=30.2 corr=0 origname=NODE_2_length_528432_cov_30.211264_pilon sw=shovill-spades/1.0.4 date=20260119	104221..105941	Doxycycline, Tetracycline, Tigecycline	HQ652506
113Cp-CMPN001x29_260114_LH00793_B23GCKKLT3	erm(B)	99.86	738/738	100.0	1..738	contig00003 len=220222 cov=37.3 corr=0 origname=NODE_3_length_220222_cov_37.346762_pilon sw=shovill-spades/1.0.4 date=20260119	146055..146792	Erythromycin, Lincomycin, Clindamycin, Quinupristin, Pristinamycin IA, Virginiamycin S	X72021
113Cp-CMPN001x29_260114_LH00793_B23GCKKLT3	erm(B)	99.86	738/738	100.0	1..738	contig00003 len=220222 cov=37.3 corr=0 origname=NODE_3_length_220222_cov_37.346762_pilon sw=shovill-spades/1.0.4 date=20260119	146055..146792	Erythromycin, Lincomycin, Clindamycin, Quinupristin, Pristinamycin IA, Virginiamycin S	JN899585
113Cp-CMPN001x29_260114_LH00793_B23GCKKLT3	tet(M)	100.00	1920/1920	100.0	1..1920	contig00003 len=220222 cov=37.3 corr=0 origname=NODE_3_length_220222_cov_37.346762_pilon sw=shovill-spades/1.0.4 date=20260119	147899..149818	Doxycycline, Tetracycline, Minocycline	X04388
113Cp-CMPN001x29_260114_LH00793_B23GCKKLT3	tetA(46)	94.55	1725/1725	100.0	1..1725	contig00015 len=54190 cov=38.7 corr=0 origname=NODE_15_length_54190_cov_38.680068_pilon sw=shovill-spades/1.0.4 date=20260119	29037..30761	Doxycycline, Tetracycline, Tigecycline	HQ652506
113Cp-CMPN001x29_260114_LH00793_B23GCKKLT3	tetB(46)	92.05	1723/1737	98.96373056994818	1..1721	contig00015 len=54190 cov=38.7 corr=0 origname=NODE_15_length_54190_cov_38.680068_pilon sw=shovill-spades/1.0.4 date=20260119	30763..32483	Doxycycline, Tetracycline, Tigecycline	HQ652506
113Pp-CMPN001x44_260114_LH00793_B23GCKKLT3	msr(D)	100.00	1464/1464	100.0	1..1464	contig00003 len=267382 cov=30.9 corr=0 origname=NODE_3_length_267382_cov_30.911729_pilon sw=shovill-spades/1.0.4 date=20260119	262308..263771	Erythromycin, Azithromycin, Telithromycin, Quinupristin, Pristinamycin IA, Virginiamycin S	AF274302
113Pp-CMPN001x44_260114_LH00793_B23GCKKLT3	mef(A)	99.84	1218/1218	100.0	1..1218	contig00003 len=267382 cov=30.9 corr=0 origname=NODE_3_length_267382_cov_30.911729_pilon sw=shovill-spades/1.0.4 date=20260119	263891..265108	Erythromycin, Azithromycin	U83667
113Pp-CMPN001x44_260114_LH00793_B23GCKKLT3	tetA(46)	94.20	1725/1725	100.0	1..1725	contig00001 len=571513 cov=31.7 corr=0 origname=NODE_1_length_571513_cov_31.658790_pilon sw=shovill-spades/1.0.4 date=20260119	426790..428514	Doxycycline, Tetracycline, Tigecycline	HQ652506
113Pp-CMPN001x44_260114_LH00793_B23GCKKLT3	tetB(46)	92.57	1722/1737	99.02130109383995	1..1721	contig00001 len=571513 cov=31.7 corr=0 origname=NODE_1_length_571513_cov_31.658790_pilon sw=shovill-spades/1.0.4 date=20260119	428516..430236	Doxycycline, Tetracycline, Tigecycline	HQ652506
114Cim-CMPN001x30_260114_LH00793_B23GCKKLT3	msr(D)	100.00	1464/1464	100.0	1..1464	contig00003 len=308108 cov=27.1 corr=0 origname=NODE_3_length_308108_cov_27.098047_pilon sw=shovill-spades/1.0.4 date=20260119	88369..89832	Erythromycin, Azithromycin, Telithromycin, Quinupristin, Pristinamycin IA, Virginiamycin S	AF274302
114Cim-CMPN001x30_260114_LH00793_B23GCKKLT3	mef(A)	100.00	1218/1218	100.0	1..1218	contig00003 len=308108 cov=27.1 corr=0 origname=NODE_3_length_308108_cov_27.098047_pilon sw=shovill-spades/1.0.4 date=20260119	89952..91169	Erythromycin, Azithromycin	U83667
114Cim-CMPN001x30_260114_LH00793_B23GCKKLT3	lsa(C)	99.86	1479/1479	100.0	1..1479	contig00006 len=131633 cov=29.4 corr=0 origname=NODE_6_length_131633_cov_29.369611_pilon sw=shovill-spades/1.0.4 date=20260119	50140..51618	Lincomycin, Clindamycin, Dalfopristin, Pristinamycin IIA, Virginiamycin M, Tiamulin	HM990671
114Cim-CMPN001x30_260114_LH00793_B23GCKKLT3	tet(M)	100.00	1920/1920	100.0	1..1920	contig00006 len=131633 cov=29.4 corr=0 origname=NODE_6_length_131633_cov_29.369611_pilon sw=shovill-spades/1.0.4 date=20260119	76369..78288	Doxycycline, Tetracycline, Minocycline	AM990992
116mi-CMPN001x92_260114_LH00793_B23GCKKLT3	msr(D)	100.00	1464/1464	100.0	1..1464	contig00021 len=30492 cov=13.0 corr=0 origname=NODE_21_length_30492_cov_13.048058_pilon sw=shovill-spades/1.0.4 date=20260119	8921..10384	Erythromycin, Azithromycin, Telithromycin, Quinupristin, Pristinamycin IA, Virginiamycin S	AF274302
116mi-CMPN001x92_260114_LH00793_B23GCKKLT3	mef(A)	100.00	1218/1218	100.0	1..1218	contig00021 len=30492 cov=13.0 corr=0 origname=NODE_21_length_30492_cov_13.048058_pilon sw=shovill-spades/1.0.4 date=20260119	7584..8801	Erythromycin, Azithromycin	U83667
116mi-CMPN001x92_260114_LH00793_B23GCKKLT3	tet(M)	99.90	1920/1920	100.0	1..1920	contig00015 len=54763 cov=26.6 corr=0 origname=NODE_15_length_54763_cov_26.570804_pilon sw=shovill-spades/1.0.4 date=20260119	39672..41591	Doxycycline, Tetracycline, Minocycline	FR671418
118Ap-CMPN001x60_260114_LH00793_B23GCKKLT3	msr(D)	100.00	1464/1464	100.0	1..1464	contig00003 len=91946 cov=32.9 corr=0 origname=NODE_3_length_91946_cov_32.869196_pilon sw=shovill-spades/1.0.4 date=20260119	18087..19550	Erythromycin, Azithromycin, Telithromycin, Quinupristin, Pristinamycin IA, Virginiamycin S	AF274302
118Ap-CMPN001x60_260114_LH00793_B23GCKKLT3	mef(A)	100.00	1218/1218	100.0	1..1218	contig00003 len=91946 cov=32.9 corr=0 origname=NODE_3_length_91946_cov_32.869196_pilon sw=shovill-spades/1.0.4 date=20260119	19670..20887	Erythromycin, Azithromycin	U83667
118Ap-CMPN001x60_260114_LH00793_B23GCKKLT3	tet(M)	99.90	1920/1920	100.0	1..1920	contig00009 len=78542 cov=34.7 corr=0 origname=NODE_9_length_78542_cov_34.723471_pilon sw=shovill-spades/1.0.4 date=20260119	36225..38144	Doxycycline, Tetracycline, Minocycline	X75073
118Ap-CMPN001x60_260114_LH00793_B23GCKKLT3	tetA(46)	94.61	1725/1725	100.0	1..1725	contig00031 len=23277 cov=37.4 corr=0 origname=NODE_31_length_23277_cov_37.428664_pilon sw=shovill-spades/1.0.4 date=20260119	7554..9278	Doxycycline, Tetracycline, Tigecycline	HQ652506
118Ap-CMPN001x60_260114_LH00793_B23GCKKLT3	tetB(46)	92.52	1712/1737	98.33045480713875	1..1710	contig00031 len=23277 cov=37.4 corr=0 origname=NODE_31_length_23277_cov_37.428664_pilon sw=shovill-spades/1.0.4 date=20260119	9280..10989	Doxycycline, Tetracycline, Tigecycline	HQ652506
118Cim-CMPN001x31_260114_LH00793_B23GCKKLT3	erm(B)	100.00	738/738	100.0	1..738	contig00007 len=134410 cov=30.9 corr=0 origname=NODE_7_length_134410_cov_30.866924_pilon sw=shovill-spades/1.0.4 date=20260119	93099..93836	Erythromycin, Lincomycin, Clindamycin, Quinupristin, Pristinamycin IA, Virginiamycin S	U86375
118Cim-CMPN001x31_260114_LH00793_B23GCKKLT3	tet(M)	99.64	1920/1920	100.0	1..1920	contig00007 len=134410 cov=30.9 corr=0 origname=NODE_7_length_134410_cov_30.866924_pilon sw=shovill-spades/1.0.4 date=20260119	94943..96862	Doxycycline, Tetracycline, Minocycline	X92947
118Pim-CMPN001x45_260114_LH00793_B23GCKKLT3	msr(D)	100.00	1464/1464	100.0	1..1464	contig00008 len=98635 cov=23.0 corr=0 origname=NODE_8_length_98635_cov_22.995859_pilon sw=shovill-spades/1.0.4 date=20260119	21240..22703	Erythromycin, Azithromycin, Telithromycin, Quinupristin, Pristinamycin IA, Virginiamycin S	AF274302
118Pim-CMPN001x45_260114_LH00793_B23GCKKLT3	mef(A)	99.92	1218/1218	100.0	1..1218	contig00008 len=98635 cov=23.0 corr=0 origname=NODE_8_length_98635_cov_22.995859_pilon sw=shovill-spades/1.0.4 date=20260119	19903..21120	Erythromycin, Azithromycin	U83667
118Pim-CMPN001x45_260114_LH00793_B23GCKKLT3	erm(B)	100.00	738/738	100.0	1..738	contig00011 len=78398 cov=28.8 corr=0 origname=NODE_11_length_78398_cov_28.843873_pilon sw=shovill-spades/1.0.4 date=20260119	69480..70217	Erythromycin, Lincomycin, Clindamycin, Quinupristin, Pristinamycin IA, Virginiamycin S	U86375
118Pim-CMPN001x45_260114_LH00793_B23GCKKLT3	tet(M)	99.48	1920/1920	100.0	1..1920	contig00011 len=78398 cov=28.8 corr=0 origname=NODE_11_length_78398_cov_28.843873_pilon sw=shovill-spades/1.0.4 date=20260119	66454..68373	Doxycycline, Tetracycline, Minocycline	X92947
118Pp-CMPN001x46_260114_LH00793_B23GCKKLT3	msr(D)	100.00	1464/1464	100.0	1..1464	contig00003 len=91946 cov=34.7 corr=0 origname=NODE_3_length_91946_cov_34.730956_pilon sw=shovill-spades/1.0.4 date=20260119	72397..73860	Erythromycin, Azithromycin, Telithromycin, Quinupristin, Pristinamycin IA, Virginiamycin S	AF274302
118Pp-CMPN001x46_260114_LH00793_B23GCKKLT3	mef(A)	100.00	1218/1218	100.0	1..1218	contig00003 len=91946 cov=34.7 corr=0 origname=NODE_3_length_91946_cov_34.730956_pilon sw=shovill-spades/1.0.4 date=20260119	71060..72277	Erythromycin, Azithromycin	U83667
118Pp-CMPN001x46_260114_LH00793_B23GCKKLT3	tet(M)	99.90	1920/1920	100.0	1..1920	contig00009 len=78542 cov=37.2 corr=0 origname=NODE_9_length_78542_cov_37.226039_pilon sw=shovill-spades/1.0.4 date=20260119	36225..38144	Doxycycline, Tetracycline, Minocycline	X75073
118Pp-CMPN001x46_260114_LH00793_B23GCKKLT3	tetA(46)	94.61	1725/1725	100.0	1..1725	contig00031 len=23277 cov=38.3 corr=0 origname=NODE_31_length_23277_cov_38.330717_pilon sw=shovill-spades/1.0.4 date=20260119	7554..9278	Doxycycline, Tetracycline, Tigecycline	HQ652506
118Pp-CMPN001x46_260114_LH00793_B23GCKKLT3	tetB(46)	92.52	1712/1737	98.33045480713875	1..1710	contig00031 len=23277 cov=38.3 corr=0 origname=NODE_31_length_23277_cov_38.330717_pilon sw=shovill-spades/1.0.4 date=20260119	9280..10989	Doxycycline, Tetracycline, Tigecycline	HQ652506
120Cs-CMPN001x32_260114_LH00793_B23GCKKLT3	erm(B)	100.00	738/738	100.0	1..738	contig00001 len=1500332 cov=29.0 corr=0 origname=NODE_1_length_1500332_cov_29.049138_pilon sw=shovill-spades/1.0.4 date=20260119	718489..719226	Erythromycin, Lincomycin, Clindamycin, Quinupristin, Pristinamycin IA, Virginiamycin S	U86375
120Cs-CMPN001x32_260114_LH00793_B23GCKKLT3	tet(M)	99.90	1920/1920	100.0	1..1920	contig00001 len=1500332 cov=29.0 corr=0 origname=NODE_1_length_1500332_cov_29.049138_pilon sw=shovill-spades/1.0.4 date=20260119	715461..717380	Doxycycline, Tetracycline, Minocycline	FR671418
122Csv-CMPN001x33_260114_LH00793_B23GCKKLT3	erm(B)	100.00	738/738	100.0	1..738	contig00004 len=249717 cov=32.0 corr=0 origname=NODE_4_length_249717_cov_32.013529_pilon sw=shovill-spades/1.0.4 date=20260119	137944..138681	Erythromycin, Lincomycin, Clindamycin, Quinupristin, Pristinamycin IA, Virginiamycin S	U86375
122Csv-CMPN001x33_260114_LH00793_B23GCKKLT3	tet(M)	99.64	1920/1920	100.0	1..1920	contig00004 len=249717 cov=32.0 corr=0 origname=NODE_4_length_249717_cov_32.013529_pilon sw=shovill-spades/1.0.4 date=20260119	139788..141707	Doxycycline, Tetracycline, Minocycline	X92947
123Cs-CMPN001x34_260114_LH00793_B23GCKKLT3	erm(B)	99.73	738/738	100.0	1..738	contig00003 len=463582 cov=27.7 corr=1 origname=NODE_3_length_463582_cov_27.728124_pilon sw=shovill-spades/1.0.4 date=20260119	111973..112710	Erythromycin, Lincomycin, Clindamycin, Quinupristin, Pristinamycin IA, Virginiamycin S	X72021
123Cs-CMPN001x34_260114_LH00793_B23GCKKLT3	erm(B)	99.73	738/738	100.0	1..738	contig00003 len=463582 cov=27.7 corr=1 origname=NODE_3_length_463582_cov_27.728124_pilon sw=shovill-spades/1.0.4 date=20260119	111973..112710	Erythromycin, Lincomycin, Clindamycin, Quinupristin, Pristinamycin IA, Virginiamycin S	JN899585
123Cs-CMPN001x34_260114_LH00793_B23GCKKLT3	tet(M)	98.44	1920/1920	100.0	1..1920	contig00003 len=463582 cov=27.7 corr=1 origname=NODE_3_length_463582_cov_27.728124_pilon sw=shovill-spades/1.0.4 date=20260119	114186..116105	Doxycycline, Tetracycline, Minocycline	U58985
123Pp-CMPN001x47_260114_LH00793_B23GCKKLT3	tetA(46)	94.14	1725/1725	100.0	1..1725	contig00014 len=40754 cov=40.2 corr=0 origname=NODE_14_length_40754_cov_40.246858_pilon sw=shovill-spades/1.0.4 date=20260119	17816..19540	Doxycycline, Tetracycline, Tigecycline	HQ652506
123Pp-CMPN001x47_260114_LH00793_B23GCKKLT3	tetB(46)	91.11	1722/1737	99.02130109383995	1..1721	contig00014 len=40754 cov=40.2 corr=0 origname=NODE_14_length_40754_cov_40.246858_pilon sw=shovill-spades/1.0.4 date=20260119	19542..21262	Doxycycline, Tetracycline, Tigecycline	HQ652506
124Ap-CMPN001x61_260114_LH00793_B23GCKKLT3	msr(D)	100.00	1464/1464	100.0	1..1464	contig00001 len=277258 cov=34.1 corr=0 origname=NODE_1_length_277258_cov_34.118813_pilon sw=shovill-spades/1.0.4 date=20260119	67125..68588	Erythromycin, Azithromycin, Telithromycin, Quinupristin, Pristinamycin IA, Virginiamycin S	AF274302
124Ap-CMPN001x61_260114_LH00793_B23GCKKLT3	mef(A)	100.00	1218/1218	100.0	1..1218	contig00001 len=277258 cov=34.1 corr=0 origname=NODE_1_length_277258_cov_34.118813_pilon sw=shovill-spades/1.0.4 date=20260119	65788..67005	Erythromycin, Azithromycin	U83667
124Ap-CMPN001x61_260114_LH00793_B23GCKKLT3	tetA(46)	94.90	1725/1725	100.0	1..1725	contig00007 len=73621 cov=35.8 corr=0 origname=NODE_7_length_73621_cov_35.841058_pilon sw=shovill-spades/1.0.4 date=20260119	54521..56245	Doxycycline, Tetracycline, Tigecycline	HQ652506
124Ap-CMPN001x61_260114_LH00793_B23GCKKLT3	tetB(46)	92.76	1712/1737	98.33045480713875	1..1710	contig00007 len=73621 cov=35.8 corr=0 origname=NODE_7_length_73621_cov_35.841058_pilon sw=shovill-spades/1.0.4 date=20260119	52810..54519	Doxycycline, Tetracycline, Tigecycline	HQ652506
127Cs-CMPN001x35_260114_LH00793_B23GCKKLT3	erm(B)	99.86	738/738	100.0	1..738	contig00006 len=135306 cov=23.0 corr=0 origname=NODE_6_length_135306_cov_23.048123_pilon sw=shovill-spades/1.0.4 date=20260119	73104..73841	Erythromycin, Lincomycin, Clindamycin, Quinupristin, Pristinamycin IA, Virginiamycin S	X72021
127Cs-CMPN001x35_260114_LH00793_B23GCKKLT3	erm(B)	99.86	738/738	100.0	1..738	contig00006 len=135306 cov=23.0 corr=0 origname=NODE_6_length_135306_cov_23.048123_pilon sw=shovill-spades/1.0.4 date=20260119	73104..73841	Erythromycin, Lincomycin, Clindamycin, Quinupristin, Pristinamycin IA, Virginiamycin S	JN899585
127Cs-CMPN001x35_260114_LH00793_B23GCKKLT3	tet(M)	99.90	1920/1920	100.0	1..1920	contig00006 len=135306 cov=23.0 corr=0 origname=NODE_6_length_135306_cov_23.048123_pilon sw=shovill-spades/1.0.4 date=20260119	74948..76867	Doxycycline, Tetracycline, Minocycline	X75073
129Cs-CMPN001x36_260114_LH00793_B23GCKKLT3	erm(B)	100.00	738/738	100.0	1..738	contig00001 len=963567 cov=37.3 corr=0 origname=NODE_1_length_963567_cov_37.270358_pilon sw=shovill-spades/1.0.4 date=20260119	731896..732633	Erythromycin, Lincomycin, Clindamycin, Quinupristin, Pristinamycin IA, Virginiamycin S	U86375
129Cs-CMPN001x36_260114_LH00793_B23GCKKLT3	tet(M)	99.90	1920/1920	100.0	1..1920	contig00001 len=963567 cov=37.3 corr=0 origname=NODE_1_length_963567_cov_37.270358_pilon sw=shovill-spades/1.0.4 date=20260119	733741..735660	Doxycycline, Tetracycline, Minocycline	FR671418
131As-CMPN001x62_260114_LH00793_B23GCKKLT3	msr(D)	100.00	1464/1464	100.0	1..1464	contig00003 len=311790 cov=32.6 corr=1 origname=NODE_3_length_311790_cov_32.576734_pilon sw=shovill-spades/1.0.4 date=20260119	92983..94446	Erythromycin, Azithromycin, Telithromycin, Quinupristin, Pristinamycin IA, Virginiamycin S	AF274302
131As-CMPN001x62_260114_LH00793_B23GCKKLT3	mef(A)	100.00	1218/1218	100.0	1..1218	contig00003 len=311790 cov=32.6 corr=1 origname=NODE_3_length_311790_cov_32.576734_pilon sw=shovill-spades/1.0.4 date=20260119	94566..95783	Erythromycin, Azithromycin	U83667
131Ca-CMPN001x63_260114_LH00793_B23GCKKLT3	erm(B)	100.00	738/738	100.0	1..738	contig00003 len=173544 cov=38.2 corr=0 origname=NODE_3_length_173544_cov_38.233124_pilon sw=shovill-spades/1.0.4 date=20260119	132937..133674	Erythromycin, Lincomycin, Clindamycin, Quinupristin, Pristinamycin IA, Virginiamycin S	X72021
131Ca-CMPN001x63_260114_LH00793_B23GCKKLT3	tet(M)	100.00	1920/1920	100.0	1..1920	contig00003 len=173544 cov=38.2 corr=0 origname=NODE_3_length_173544_cov_38.233124_pilon sw=shovill-spades/1.0.4 date=20260119	143592..145511	Doxycycline, Tetracycline, Minocycline	X04388
131Cm-CMPN001x37_260114_LH00793_B23GCKKLT3	erm(B)	100.00	738/738	100.0	1..738	contig00016 len=27164 cov=24.5 corr=0 origname=NODE_16_length_27164_cov_24.462453_pilon sw=shovill-spades/1.0.4 date=20260119	18619..19356	Erythromycin, Lincomycin, Clindamycin, Quinupristin, Pristinamycin IA, Virginiamycin S	JN899585
131Cm-CMPN001x37_260114_LH00793_B23GCKKLT3	tet(M)	99.74	1920/1920	100.0	1..1920	contig00016 len=27164 cov=24.5 corr=0 origname=NODE_16_length_27164_cov_24.462453_pilon sw=shovill-spades/1.0.4 date=20260119	15593..17512	Doxycycline, Tetracycline, Minocycline	FR671418
132Cs-CMPN001x38_260114_LH00793_B23GCKKLT3	lsa(C)	94.52	1479/1479	100.0	1..1479	contig00006 len=168570 cov=25.2 corr=0 origname=NODE_6_length_168570_cov_25.213199_pilon sw=shovill-spades/1.0.4 date=20260119	88519..89997	Lincomycin, Clindamycin, Dalfopristin, Pristinamycin IIA, Virginiamycin M, Tiamulin	HM990671
132Cs-CMPN001x38_260114_LH00793_B23GCKKLT3	erm(B)	100.00	738/738	100.0	1..738	contig00006 len=168570 cov=25.2 corr=0 origname=NODE_6_length_168570_cov_25.213199_pilon sw=shovill-spades/1.0.4 date=20260119	106283..107020	Erythromycin, Lincomycin, Clindamycin, Quinupristin, Pristinamycin IA, Virginiamycin S	U86375
132Cs-CMPN001x38_260114_LH00793_B23GCKKLT3	tet(M)	99.90	1920/1920	100.0	1..1920	contig00006 len=168570 cov=25.2 corr=0 origname=NODE_6_length_168570_cov_25.213199_pilon sw=shovill-spades/1.0.4 date=20260119	103257..105176	Doxycycline, Tetracycline, Minocycline	X75073
140Ca-CMPN001x64_260114_LH00793_B23GCKKLT3	erm(B)	100.00	738/738	100.0	1..738	contig00003 len=206618 cov=31.6 corr=0 origname=NODE_3_length_206618_cov_31.632465_pilon sw=shovill-spades/1.0.4 date=20260119	85269..86006	Erythromycin, Lincomycin, Clindamycin, Quinupristin, Pristinamycin IA, Virginiamycin S	U86375
140Ca-CMPN001x64_260114_LH00793_B23GCKKLT3	tet(32)	100.00	1920/1920	100.0	1..1920	contig00001 len=453815 cov=32.7 corr=0 origname=NODE_1_length_453815_cov_32.741929_pilon sw=shovill-spades/1.0.4 date=20260119	186209..188128	Doxycycline, Tetracycline, Minocycline	EU722333
140Ca-CMPN001x64_260114_LH00793_B23GCKKLT3	tet(M)	99.58	1920/1920	100.0	1..1920	contig00003 len=206618 cov=31.6 corr=0 origname=NODE_3_length_206618_cov_31.632465_pilon sw=shovill-spades/1.0.4 date=20260119	87115..89034	Doxycycline, Tetracycline, Minocycline	X75073
140Cp-CMPN001x65_260114_LH00793_B23GCKKLT3	erm(B)	100.00	738/738	100.0	1..738	contig00001 len=682832 cov=30.7 corr=0 origname=NODE_1_length_682832_cov_30.727623_pilon sw=shovill-spades/1.0.4 date=20260119	354674..355411	Erythromycin, Lincomycin, Clindamycin, Quinupristin, Pristinamycin IA, Virginiamycin S	U86375
140Cp-CMPN001x65_260114_LH00793_B23GCKKLT3	msr(D)	100.00	1464/1464	100.0	1..1464	contig00003 len=187370 cov=27.9 corr=0 origname=NODE_3_length_187370_cov_27.873886_pilon sw=shovill-spades/1.0.4 date=20260119	72403..73866	Erythromycin, Azithromycin, Telithromycin, Quinupristin, Pristinamycin IA, Virginiamycin S	AF274302
140Cp-CMPN001x65_260114_LH00793_B23GCKKLT3	mef(A)	100.00	1218/1218	100.0	1..1218	contig00003 len=187370 cov=27.9 corr=0 origname=NODE_3_length_187370_cov_27.873886_pilon sw=shovill-spades/1.0.4 date=20260119	71066..72283	Erythromycin, Azithromycin	U83667
140Cp-CMPN001x65_260114_LH00793_B23GCKKLT3	tet(M)	99.53	1920/1920	100.0	1..1920	contig00001 len=682832 cov=30.7 corr=0 origname=NODE_1_length_682832_cov_30.727623_pilon sw=shovill-spades/1.0.4 date=20260119	351648..353567	Doxycycline, Tetracycline, Minocycline	X04388
141Ap-CMPN001x66_260114_LH00793_B23GCKKLT3	erm(B)	100.00	738/738	100.0	1..738	contig00009 len=77529 cov=38.8 corr=0 origname=NODE_9_length_77529_cov_38.828043_pilon sw=shovill-spades/1.0.4 date=20260119	38483..39220	Erythromycin, Lincomycin, Clindamycin, Quinupristin, Pristinamycin IA, Virginiamycin S	U86375
141Ap-CMPN001x66_260114_LH00793_B23GCKKLT3	tetA(46)	95.07	1725/1725	100.0	1..1725	contig00004 len=125885 cov=44.0 corr=0 origname=NODE_4_length_125885_cov_44.013816_pilon sw=shovill-spades/1.0.4 date=20260119	105468..107192	Doxycycline, Tetracycline, Tigecycline	HQ652506
141Ap-CMPN001x66_260114_LH00793_B23GCKKLT3	tetB(46)	92.27	1721/1737	99.07887161773172	1..1721	contig00004 len=125885 cov=44.0 corr=0 origname=NODE_4_length_125885_cov_44.013816_pilon sw=shovill-spades/1.0.4 date=20260119	107194..108914	Doxycycline, Tetracycline, Tigecycline	HQ652506
141Ap-CMPN001x66_260114_LH00793_B23GCKKLT3	tet(M)	99.69	1920/1920	100.0	1..1920	contig00009 len=77529 cov=38.8 corr=0 origname=NODE_9_length_77529_cov_38.828043_pilon sw=shovill-spades/1.0.4 date=20260119	35457..37376	Doxycycline, Tetracycline, Minocycline	X75073
145Cm-CMPN001x68_260114_LH00793_B23GCKKLT3	erm(B)	100.00	738/738	100.0	1..738	contig00009 len=110548 cov=35.2 corr=0 origname=NODE_9_length_110548_cov_35.182442_pilon sw=shovill-spades/1.0.4 date=20260119	16135..16872	Erythromycin, Lincomycin, Clindamycin, Quinupristin, Pristinamycin IA, Virginiamycin S	X72021
145Cm-CMPN001x68_260114_LH00793_B23GCKKLT3	tet(M)	99.74	1920/1920	100.0	1..1920	contig00009 len=110548 cov=35.2 corr=0 origname=NODE_9_length_110548_cov_35.182442_pilon sw=shovill-spades/1.0.4 date=20260119	26787..28706	Doxycycline, Tetracycline, Minocycline	FR671418
145Csv-CMPN001x67_260114_LH00793_B23GCKKLT3	erm(B)	100.00	738/738	100.0	1..738	contig00010 len=110547 cov=33.9 corr=0 origname=NODE_10_length_110547_cov_33.925826_pilon sw=shovill-spades/1.0.4 date=20260119	16135..16872	Erythromycin, Lincomycin, Clindamycin, Quinupristin, Pristinamycin IA, Virginiamycin S	X72021
145Csv-CMPN001x67_260114_LH00793_B23GCKKLT3	tet(M)	99.74	1920/1920	100.0	1..1920	contig00010 len=110547 cov=33.9 corr=0 origname=NODE_10_length_110547_cov_33.925826_pilon sw=shovill-spades/1.0.4 date=20260119	26787..28706	Doxycycline, Tetracycline, Minocycline	FR671418
146Pp-CMPN001x69_260114_LH00793_B23GCKKLT3	msr(D)	100.00	1464/1464	100.0	1..1464	contig00001 len=677157 cov=36.8 corr=0 origname=NODE_1_length_677157_cov_36.788024_pilon sw=shovill-spades/1.0.4 date=20260119	17170..18633	Erythromycin, Azithromycin, Telithromycin, Quinupristin, Pristinamycin IA, Virginiamycin S	AF274302
146Pp-CMPN001x69_260114_LH00793_B23GCKKLT3	mef(A)	100.00	1218/1218	100.0	1..1218	contig00001 len=677157 cov=36.8 corr=0 origname=NODE_1_length_677157_cov_36.788024_pilon sw=shovill-spades/1.0.4 date=20260119	18753..19970	Erythromycin, Azithromycin	U83667
146Pp-CMPN001x69_260114_LH00793_B23GCKKLT3	tetA(46)	99.54	1725/1725	100.0	1..1725	contig00001 len=677157 cov=36.8 corr=0 origname=NODE_1_length_677157_cov_36.788024_pilon sw=shovill-spades/1.0.4 date=20260119	321571..323295	Doxycycline, Tetracycline, Tigecycline	HQ652506
146Pp-CMPN001x69_260114_LH00793_B23GCKKLT3	tetB(46)	94.83	1741/1737	99.76971790443294	1..1737	contig00001 len=677157 cov=36.8 corr=0 origname=NODE_1_length_677157_cov_36.788024_pilon sw=shovill-spades/1.0.4 date=20260119	319833..321569	Doxycycline, Tetracycline, Tigecycline	HQ652506
146Pp-CMPN001x69_260114_LH00793_B23GCKKLT3	tet(M)	99.90	1920/1920	100.0	1..1920	contig00005 len=121120 cov=37.2 corr=0 origname=NODE_5_length_121120_cov_37.196052_pilon sw=shovill-spades/1.0.4 date=20260119	39964..41883	Doxycycline, Tetracycline, Minocycline	X75073
148Cm-CMPN001x70_260114_LH00793_B23GCKKLT3	erm(B)	100.00	738/738	100.0	1..738	contig00012 len=28902 cov=18.1 corr=0 origname=NODE_12_length_28902_cov_18.106462_pilon sw=shovill-spades/1.0.4 date=20260119	9571..10308	Erythromycin, Lincomycin, Clindamycin, Quinupristin, Pristinamycin IA, Virginiamycin S	X72021
148Cm-CMPN001x70_260114_LH00793_B23GCKKLT3	tet(M)	99.95	1920/1920	100.0	1..1920	contig00012 len=28902 cov=18.1 corr=0 origname=NODE_12_length_28902_cov_18.106462_pilon sw=shovill-spades/1.0.4 date=20260119	20223..22142	Doxycycline, Tetracycline, Minocycline	AM990992
149Ap-CMPN001x71_260114_LH00793_B23GCKKLT3	msr(D)	100.00	1464/1464	100.0	1..1464	contig00002 len=322114 cov=34.7 corr=0 origname=NODE_2_length_322114_cov_34.668070_pilon sw=shovill-spades/1.0.4 date=20260119	257333..258796	Erythromycin, Azithromycin, Telithromycin, Quinupristin, Pristinamycin IA, Virginiamycin S	AF274302
149Ap-CMPN001x71_260114_LH00793_B23GCKKLT3	mef(A)	100.00	1218/1218	100.0	1..1218	contig00002 len=322114 cov=34.7 corr=0 origname=NODE_2_length_322114_cov_34.668070_pilon sw=shovill-spades/1.0.4 date=20260119	258916..260133	Erythromycin, Azithromycin	U83667
149Ap-CMPN001x71_260114_LH00793_B23GCKKLT3	tetA(46)	94.26	1725/1725	100.0	1..1725	contig00001 len=432966 cov=36.5 corr=0 origname=NODE_1_length_432966_cov_36.545890_pilon sw=shovill-spades/1.0.4 date=20260119	147976..149700	Doxycycline, Tetracycline, Tigecycline	HQ652506
149Ap-CMPN001x71_260114_LH00793_B23GCKKLT3	tetB(46)	92.45	1722/1737	99.02130109383995	1..1721	contig00001 len=432966 cov=36.5 corr=0 origname=NODE_1_length_432966_cov_36.545890_pilon sw=shovill-spades/1.0.4 date=20260119	146254..147974	Doxycycline, Tetracycline, Tigecycline	HQ652506
149Cc-CMPN001x73_260114_LH00793_B23GCKKLT3	erm(B)	100.00	738/738	100.0	1..738	contig00005 len=164866 cov=33.6 corr=1 origname=NODE_5_length_164866_cov_33.639102_pilon sw=shovill-spades/1.0.4 date=20260119	82486..83223	Erythromycin, Lincomycin, Clindamycin, Quinupristin, Pristinamycin IA, Virginiamycin S	U86375
149Cc-CMPN001x73_260114_LH00793_B23GCKKLT3	tet(M)	98.28	1920/1920	100.0	1..1920	contig00005 len=164866 cov=33.6 corr=1 origname=NODE_5_length_164866_cov_33.639102_pilon sw=shovill-spades/1.0.4 date=20260119	79458..81377	Doxycycline, Tetracycline, Minocycline	AM990992
150Cp-CMPN001x74_260114_LH00793_B23GCKKLT3	erm(B)	99.86	738/738	100.0	1..738	contig00024 len=27369 cov=17.3 corr=0 origname=NODE_24_length_27369_cov_17.275838_pilon sw=shovill-spades/1.0.4 date=20260119	25624..26361	Erythromycin, Lincomycin, Clindamycin, Quinupristin, Pristinamycin IA, Virginiamycin S	X72021
150Cp-CMPN001x74_260114_LH00793_B23GCKKLT3	erm(B)	99.86	738/738	100.0	1..738	contig00024 len=27369 cov=17.3 corr=0 origname=NODE_24_length_27369_cov_17.275838_pilon sw=shovill-spades/1.0.4 date=20260119	25624..26361	Erythromycin, Lincomycin, Clindamycin, Quinupristin, Pristinamycin IA, Virginiamycin S	JN899585
150Cp-CMPN001x74_260114_LH00793_B23GCKKLT3	tetA(46)	94.72	1725/1725	100.0	1..1725	contig00006 len=133431 cov=16.8 corr=0 origname=NODE_6_length_133431_cov_16.829241_pilon sw=shovill-spades/1.0.4 date=20260119	108976..110700	Doxycycline, Tetracycline, Tigecycline	HQ652506
150Cp-CMPN001x74_260114_LH00793_B23GCKKLT3	tetB(46)	91.87	1723/1737	98.96373056994818	1..1721	contig00006 len=133431 cov=16.8 corr=0 origname=NODE_6_length_133431_cov_16.829241_pilon sw=shovill-spades/1.0.4 date=20260119	110702..112422	Doxycycline, Tetracycline, Tigecycline	HQ652506
150Cp-CMPN001x74_260114_LH00793_B23GCKKLT3	tet(M)	99.27	1920/1920	100.0	1..1920	contig00011 len=84105 cov=17.1 corr=0 origname=NODE_11_length_84105_cov_17.071463_pilon sw=shovill-spades/1.0.4 date=20260119	81881..83800	Doxycycline, Tetracycline, Minocycline	X04388
151Cm-CMPN001x75_260114_LH00793_B23GCKKLT3	erm(B)	100.00	738/738	100.0	1..738	contig00004 len=174256 cov=38.2 corr=0 origname=NODE_4_length_174256_cov_38.193897_pilon sw=shovill-spades/1.0.4 date=20260119	35566..36303	Erythromycin, Lincomycin, Clindamycin, Quinupristin, Pristinamycin IA, Virginiamycin S	U86375
151Cm-CMPN001x75_260114_LH00793_B23GCKKLT3	tet(M)	99.84	1920/1920	100.0	1..1920	contig00004 len=174256 cov=38.2 corr=0 origname=NODE_4_length_174256_cov_38.193897_pilon sw=shovill-spades/1.0.4 date=20260119	32540..34459	Doxycycline, Tetracycline, Minocycline	X92947
155Cvs-CMPN001x76_260114_LH00793_B23GCKKLT3	msr(D)	100.00	1464/1464	100.0	1..1464	contig00001 len=257575 cov=27.5 corr=0 origname=NODE_1_length_257575_cov_27.491056_pilon sw=shovill-spades/1.0.4 date=20260119	174385..175848	Erythromycin, Azithromycin, Telithromycin, Quinupristin, Pristinamycin IA, Virginiamycin S	AF274302
155Cvs-CMPN001x76_260114_LH00793_B23GCKKLT3	mef(A)	99.92	1218/1218	100.0	1..1218	contig00001 len=257575 cov=27.5 corr=0 origname=NODE_1_length_257575_cov_27.491056_pilon sw=shovill-spades/1.0.4 date=20260119	173048..174265	Erythromycin, Azithromycin	U83667
155Cvs-CMPN001x76_260114_LH00793_B23GCKKLT3	erm(B)	100.00	738/738	100.0	1..738	contig00007 len=137549 cov=23.0 corr=0 origname=NODE_7_length_137549_cov_22.984264_pilon sw=shovill-spades/1.0.4 date=20260119	65727..66464	Erythromycin, Lincomycin, Clindamycin, Quinupristin, Pristinamycin IA, Virginiamycin S	U86375
155Cvs-CMPN001x76_260114_LH00793_B23GCKKLT3	tet(M)	99.90	1920/1920	100.0	1..1920	contig00007 len=137549 cov=23.0 corr=0 origname=NODE_7_length_137549_cov_22.984264_pilon sw=shovill-spades/1.0.4 date=20260119	62701..64620	Doxycycline, Tetracycline, Minocycline	X75073
160Ap-CMPN001x77_260114_LH00793_B23GCKKLT3	msr(D)	99.93	1464/1464	100.0	1..1464	contig00001 len=559752 cov=35.5 corr=0 origname=NODE_1_length_559752_cov_35.461501_pilon sw=shovill-spades/1.0.4 date=20260119	512314..513777	Erythromycin, Azithromycin, Telithromycin, Quinupristin, Pristinamycin IA, Virginiamycin S	AF274302
160Ap-CMPN001x77_260114_LH00793_B23GCKKLT3	mef(A)	100.00	1218/1218	100.0	1..1218	contig00001 len=559752 cov=35.5 corr=0 origname=NODE_1_length_559752_cov_35.461501_pilon sw=shovill-spades/1.0.4 date=20260119	510977..512194	Erythromycin, Azithromycin	U83667
160Ap-CMPN001x77_260114_LH00793_B23GCKKLT3	tetA(46)	94.20	1725/1725	100.0	1..1725	contig00003 len=120671 cov=36.9 corr=0 origname=NODE_3_length_120671_cov_36.935686_pilon sw=shovill-spades/1.0.4 date=20260119	12038..13762	Doxycycline, Tetracycline, Tigecycline	HQ652506
160Ap-CMPN001x77_260114_LH00793_B23GCKKLT3	tetB(46)	91.17	1722/1737	99.02130109383995	1..1721	contig00003 len=120671 cov=36.9 corr=0 origname=NODE_3_length_120671_cov_36.935686_pilon sw=shovill-spades/1.0.4 date=20260119	10316..12036	Doxycycline, Tetracycline, Tigecycline	HQ652506
55Csv-CMPN001x05_260114_LH00793_B23GCKKLT3	erm(B)	100.00	738/738	100.0	1..738	contig00007 len=96613 cov=31.6 corr=0 origname=NODE_7_length_96613_cov_31.559206_pilon sw=shovill-spades/1.0.4 date=20260119	15164..15901	Erythromycin, Lincomycin, Clindamycin, Quinupristin, Pristinamycin IA, Virginiamycin S	U86375
55Csv-CMPN001x05_260114_LH00793_B23GCKKLT3	tet(M)	99.84	1920/1920	100.0	1..1920	contig00007 len=96613 cov=31.6 corr=0 origname=NODE_7_length_96613_cov_31.559206_pilon sw=shovill-spades/1.0.4 date=20260119	17008..18927	Doxycycline, Tetracycline, Minocycline	X92947
91Csv-CMPN001x13_260114_LH00793_B23GCKKLT3	msr(D)	99.93	1464/1464	100.0	1..1464	contig00004 len=193267 cov=29.1 corr=0 origname=NODE_4_length_193267_cov_29.149883_pilon sw=shovill-spades/1.0.4 date=20260119	126353..127816	Erythromycin, Azithromycin, Telithromycin, Quinupristin, Pristinamycin IA, Virginiamycin S	AF274302
91Csv-CMPN001x13_260114_LH00793_B23GCKKLT3	mef(A)	100.00	1218/1218	100.0	1..1218	contig00004 len=193267 cov=29.1 corr=0 origname=NODE_4_length_193267_cov_29.149883_pilon sw=shovill-spades/1.0.4 date=20260119	125016..126233	Erythromycin, Azithromycin	U83667
91Csv-CMPN001x13_260114_LH00793_B23GCKKLT3	erm(B)	100.00	738/738	100.0	1..738	contig00005 len=188639 cov=26.2 corr=0 origname=NODE_5_length_188639_cov_26.231059_pilon sw=shovill-spades/1.0.4 date=20260119	59497..60234	Erythromycin, Lincomycin, Clindamycin, Quinupristin, Pristinamycin IA, Virginiamycin S	U86375
91Csv-CMPN001x13_260114_LH00793_B23GCKKLT3	tet(M)	99.90	1920/1920	100.0	1..1920	contig00005 len=188639 cov=26.2 corr=0 origname=NODE_5_length_188639_cov_26.231059_pilon sw=shovill-spades/1.0.4 date=20260119	56471..58390	Doxycycline, Tetracycline, Minocycline	X75073
97Csv-CMPN001x17_260114_LH00793_B23GCKKLT3	msr(D)	99.93	1464/1464	100.0	1..1464	contig00004 len=202666 cov=30.4 corr=0 origname=NODE_4_length_202666_cov_30.429200_pilon sw=shovill-spades/1.0.4 date=20260119	126361..127824	Erythromycin, Azithromycin, Telithromycin, Quinupristin, Pristinamycin IA, Virginiamycin S	AF274302
97Csv-CMPN001x17_260114_LH00793_B23GCKKLT3	mef(A)	100.00	1218/1218	100.0	1..1218	contig00004 len=202666 cov=30.4 corr=0 origname=NODE_4_length_202666_cov_30.429200_pilon sw=shovill-spades/1.0.4 date=20260119	125024..126241	Erythromycin, Azithromycin	U83667
97Csv-CMPN001x17_260114_LH00793_B23GCKKLT3	lsa(C)	94.52	1479/1479	100.0	1..1479	contig00005 len=199537 cov=25.6 corr=0 origname=NODE_5_length_199537_cov_25.610513_pilon sw=shovill-spades/1.0.4 date=20260119	150526..152004	Lincomycin, Clindamycin, Dalfopristin, Pristinamycin IIA, Virginiamycin M, Tiamulin	HM990671
97Csv-CMPN001x17_260114_LH00793_B23GCKKLT3	erm(B)	100.00	738/738	100.0	1..738	contig00005 len=199537 cov=25.6 corr=0 origname=NODE_5_length_199537_cov_25.610513_pilon sw=shovill-spades/1.0.4 date=20260119	133511..134248	Erythromycin, Lincomycin, Clindamycin, Quinupristin, Pristinamycin IA, Virginiamycin S	U86375
97Csv-CMPN001x17_260114_LH00793_B23GCKKLT3	tet(M)	99.90	1920/1920	100.0	1..1920	contig00005 len=199537 cov=25.6 corr=0 origname=NODE_5_length_199537_cov_25.610513_pilon sw=shovill-spades/1.0.4 date=20260119	135355..137274	Doxycycline, Tetracycline, Minocycline	X75073
98Cap-CMPN001x19_260114_LH00793_B23GCKKLT3	msr(D)	100.00	1464/1464	100.0	1..1464	contig00001 len=1148066 cov=30.2 corr=0 origname=NODE_1_length_1148066_cov_30.243566_pilon sw=shovill-spades/1.0.4 date=20260119	628424..629887	Erythromycin, Azithromycin, Telithromycin, Quinupristin, Pristinamycin IA, Virginiamycin S	AF274302
98Cap-CMPN001x19_260114_LH00793_B23GCKKLT3	mef(A)	99.92	1218/1218	100.0	1..1218	contig00001 len=1148066 cov=30.2 corr=0 origname=NODE_1_length_1148066_cov_30.243566_pilon sw=shovill-spades/1.0.4 date=20260119	630007..631224	Erythromycin, Azithromycin	U83667
98Cap-CMPN001x19_260114_LH00793_B23GCKKLT3	erm(B)	99.86	738/738	100.0	1..738	contig00001 len=1148066 cov=30.2 corr=0 origname=NODE_1_length_1148066_cov_30.243566_pilon sw=shovill-spades/1.0.4 date=20260119	833771..834508	Erythromycin, Lincomycin, Clindamycin, Quinupristin, Pristinamycin IA, Virginiamycin S	X72021
98Cap-CMPN001x19_260114_LH00793_B23GCKKLT3	erm(B)	99.86	738/738	100.0	1..738	contig00001 len=1148066 cov=30.2 corr=0 origname=NODE_1_length_1148066_cov_30.243566_pilon sw=shovill-spades/1.0.4 date=20260119	833771..834508	Erythromycin, Lincomycin, Clindamycin, Quinupristin, Pristinamycin IA, Virginiamycin S	JN899585
98Cap-CMPN001x19_260114_LH00793_B23GCKKLT3	tet(M)	99.64	1920/1920	100.0	1..1920	contig00001 len=1148066 cov=30.2 corr=0 origname=NODE_1_length_1148066_cov_30.243566_pilon sw=shovill-spades/1.0.4 date=20260119	835615..837534	Doxycycline, Tetracycline, Minocycline	FR671418
98Cap-CMPN001x19_260114_LH00793_B23GCKKLT3	tetA(46)	91.88	1725/1725	100.0	1..1725	contig00001 len=1148066 cov=30.2 corr=0 origname=NODE_1_length_1148066_cov_30.243566_pilon sw=shovill-spades/1.0.4 date=20260119	900577..902301	Doxycycline, Tetracycline, Tigecycline	HQ652506
98Cap-CMPN001x19_260114_LH00793_B23GCKKLT3	tetB(46)	90.56	1738/1737	99.94242947610823	1..1737	contig00001 len=1148066 cov=30.2 corr=0 origname=NODE_1_length_1148066_cov_30.243566_pilon sw=shovill-spades/1.0.4 date=20260119	898839..900575	Doxycycline, Tetracycline, Tigecycline	HQ652506
