Sample	Protein id	Contig id	Start	Stop	Strand	Element symbol	Element name	Scope	Type	Subtype	Class	Subclass	Method	Target length	Reference sequence length	% Coverage of reference	% Identity to reference	Alignment length	Closest reference accession	Closest reference name	HMM accession	HMM description
0043m-CMPN001x78_260114_LH00793_B23GCKKLT3	NA	contig00001	72142	73602	-	msr(D)	ABC-F type ribosomal protection protein Msr(D)	core	AMR	AMR	MACROLIDE/STREPTOGRAMIN	AZITHROMYCIN/ERYTHROMYCIN/STREPTOGRAMIN B	EXACTX	487	487	100.00	100.00	487	WP_000420313.1	ABC-F type ribosomal protection protein Msr(D)	NA	NA
0043m-CMPN001x78_260114_LH00793_B23GCKKLT3	NA	contig00001	73725	74939	-	mef(A)	macrolide efflux MFS transporter Mef(A)	core	AMR	AMR	MACROLIDE	AZITHROMYCIN/ERYTHROMYCIN	EXACTX	405	405	100.00	100.00	405	WP_000417519.1	macrolide efflux MFS transporter Mef(A)	NA	NA
0048m-CMPN001x79_260114_LH00793_B23GCKKLT3	NA	contig00001	543495	544709	+	mef(A)	macrolide efflux MFS transporter Mef(A)	core	AMR	AMR	MACROLIDE	AZITHROMYCIN/ERYTHROMYCIN	BLASTX	405	405	100.00	99.75	405	WP_018374806.1	macrolide efflux MFS transporter Mef(A)	NA	NA
0048m-CMPN001x79_260114_LH00793_B23GCKKLT3	NA	contig00001	544832	546292	+	msr(D)	ABC-F type ribosomal protection protein Msr(D)	core	AMR	AMR	MACROLIDE/STREPTOGRAMIN	AZITHROMYCIN/ERYTHROMYCIN/STREPTOGRAMIN B	BLASTX	487	487	100.00	99.59	487	WP_000420317.1	ABC-F type ribosomal protection protein Msr(D)	NA	NA
0068m-CMPN001x83_260114_LH00793_B23GCKKLT3	NA	contig00001	182704	184620	+	tet(M)	tetracycline resistance ribosomal protection protein Tet(M)	core	AMR	AMR	TETRACYCLINE	TETRACYCLINE	BLASTX	639	639	100.00	99.69	639	WP_000691729.1	tetracycline resistance ribosomal protection protein Tet(M)	NA	NA
0068m-CMPN001x83_260114_LH00793_B23GCKKLT3	NA	contig00002	44344	45804	-	msr(D)	ABC-F type ribosomal protection protein Msr(D)	core	AMR	AMR	MACROLIDE/STREPTOGRAMIN	AZITHROMYCIN/ERYTHROMYCIN/STREPTOGRAMIN B	EXACTX	487	487	100.00	100.00	487	WP_000420313.1	ABC-F type ribosomal protection protein Msr(D)	NA	NA
0068m-CMPN001x83_260114_LH00793_B23GCKKLT3	NA	contig00002	45828	47042	-	mef(A)	macrolide efflux MFS transporter Mef(A)	core	AMR	AMR	MACROLIDE	AZITHROMYCIN/ERYTHROMYCIN	BLASTX	405	405	100.00	99.75	405	WP_000417519.1	macrolide efflux MFS transporter Mef(A)	NA	NA
0076m-CMPN001x85_260114_LH00793_B23GCKKLT3	NA	contig00016	38325	39785	-	msr(D)	ABC-F type ribosomal protection protein Msr(D)	core	AMR	AMR	MACROLIDE/STREPTOGRAMIN	AZITHROMYCIN/ERYTHROMYCIN/STREPTOGRAMIN B	EXACTX	487	487	100.00	100.00	487	WP_000420313.1	ABC-F type ribosomal protection protein Msr(D)	NA	NA
0076m-CMPN001x85_260114_LH00793_B23GCKKLT3	NA	contig00016	39908	41122	-	mef(A)	macrolide efflux MFS transporter Mef(A)	core	AMR	AMR	MACROLIDE	AZITHROMYCIN/ERYTHROMYCIN	EXACTX	405	405	100.00	100.00	405	WP_000417519.1	macrolide efflux MFS transporter Mef(A)	NA	NA
0076p-CMPN001x86_260114_LH00793_B23GCKKLT3	NA	contig00007	156512	158242	-	tetB(46)	tetracycline efflux ABC transporter Tet(46) subunit B	core	AMR	AMR	TETRACYCLINE	TETRACYCLINE	BLASTX	577	578	99.83	96.88	577	WP_048717443.1	tetracycline efflux ABC transporter Tet(46) subunit B	NA	NA
0076p-CMPN001x86_260114_LH00793_B23GCKKLT3	NA	contig00007	158247	159968	-	tetA(46)	tetracycline efflux ABC transporter Tet(46) subunit A	core	AMR	AMR	TETRACYCLINE	TETRACYCLINE	BLASTX	574	574	100.00	97.74	574	WP_063856469.1	tetracycline efflux ABC transporter Tet(46) subunit A	NA	NA
0076p-CMPN001x86_260114_LH00793_B23GCKKLT3	NA	contig00067	1107	1814	+	mef(A)	macrolide efflux MFS transporter Mef(A)	core	AMR	AMR	MACROLIDE	AZITHROMYCIN/ERYTHROMYCIN	PARTIAL_CONTIG_ENDX	236	405	58.27	100.00	236	WP_000417519.1	macrolide efflux MFS transporter Mef(A)	NA	NA
0116p-CMPN001x93_260114_LH00793_B23GCKKLT3	NA	contig00001	175299	177029	-	tetB(46)	tetracycline efflux ABC transporter Tet(46) subunit B	core	AMR	AMR	TETRACYCLINE	TETRACYCLINE	BLASTX	577	578	99.83	96.88	577	WP_048717443.1	tetracycline efflux ABC transporter Tet(46) subunit B	NA	NA
0116p-CMPN001x93_260114_LH00793_B23GCKKLT3	NA	contig00001	177034	178755	-	tetA(46)	tetracycline efflux ABC transporter Tet(46) subunit A	core	AMR	AMR	TETRACYCLINE	TETRACYCLINE	BLASTX	574	574	100.00	97.39	574	WP_063856469.1	tetracycline efflux ABC transporter Tet(46) subunit A	NA	NA
0129p-CMPN001x95_260114_LH00793_B23GCKKLT3	NA	contig00001	223083	224804	+	tetA(46)	tetracycline efflux ABC transporter Tet(46) subunit A	core	AMR	AMR	TETRACYCLINE	TETRACYCLINE	BLASTX	574	574	100.00	97.56	574	WP_063856469.1	tetracycline efflux ABC transporter Tet(46) subunit A	NA	NA
0129p-CMPN001x95_260114_LH00793_B23GCKKLT3	NA	contig00001	224809	226539	+	tetB(46)	tetracycline efflux ABC transporter Tet(46) subunit B	core	AMR	AMR	TETRACYCLINE	TETRACYCLINE	BLASTX	577	578	99.83	95.84	577	WP_048717443.1	tetracycline efflux ABC transporter Tet(46) subunit B	NA	NA
033Ap-CMPN001x48_260114_LH00793_B23GCKKLT3	NA	contig00001	11815	13029	+	mef(A)	macrolide efflux MFS transporter Mef(A)	core	AMR	AMR	MACROLIDE	AZITHROMYCIN/ERYTHROMYCIN	EXACTX	405	405	100.00	100.00	405	WP_000417519.1	macrolide efflux MFS transporter Mef(A)	NA	NA
033Ap-CMPN001x48_260114_LH00793_B23GCKKLT3	NA	contig00001	13152	14612	+	msr(D)	ABC-F type ribosomal protection protein Msr(D)	core	AMR	AMR	MACROLIDE/STREPTOGRAMIN	AZITHROMYCIN/ERYTHROMYCIN/STREPTOGRAMIN B	EXACTX	487	487	100.00	100.00	487	WP_000420313.1	ABC-F type ribosomal protection protein Msr(D)	NA	NA
033Ap-CMPN001x48_260114_LH00793_B23GCKKLT3	NA	contig00022	21644	23374	-	tetB(46)	tetracycline efflux ABC transporter Tet(46) subunit B	core	AMR	AMR	TETRACYCLINE	TETRACYCLINE	BLASTX	577	578	99.83	96.71	577	WP_048717443.1	tetracycline efflux ABC transporter Tet(46) subunit B	NA	NA
033Ap-CMPN001x48_260114_LH00793_B23GCKKLT3	NA	contig00022	23379	25100	-	tetA(46)	tetracycline efflux ABC transporter Tet(46) subunit A	core	AMR	AMR	TETRACYCLINE	TETRACYCLINE	BLASTX	574	574	100.00	97.39	574	WP_063856469.1	tetracycline efflux ABC transporter Tet(46) subunit A	NA	NA
033Cm-CMPN001x01_260114_LH00793_B23GCKKLT3	NA	contig00006	44208	46124	+	tet(M)	tetracycline resistance ribosomal protection protein Tet(M)	core	AMR	AMR	TETRACYCLINE	TETRACYCLINE	BLASTX	639	639	100.00	99.53	639	WP_063856403.1	tetracycline resistance ribosomal protection protein Tet(M)	NA	NA
033Cm-CMPN001x01_260114_LH00793_B23GCKKLT3	NA	contig00006	47052	47786	+	erm(B)	23S rRNA (adenine(2058)-N(6))-methyltransferase Erm(B)	core	AMR	AMR	LINCOSAMIDE/MACROLIDE/STREPTOGRAMIN	CLINDAMYCIN/ERYTHROMYCIN/STREPTOGRAMIN B	EXACTX	245	245	100.00	100.00	245	WP_001038790.1	23S rRNA (adenine(2058)-N(6))-methyltransferase Erm(B)	NA	NA
033Cm-CMPN001x01_260114_LH00793_B23GCKKLT3	NA	contig00010	10547	11761	+	mef(A)	macrolide efflux MFS transporter Mef(A)	core	AMR	AMR	MACROLIDE	AZITHROMYCIN/ERYTHROMYCIN	BLASTX	405	405	100.00	99.75	405	WP_000417519.1	macrolide efflux MFS transporter Mef(A)	NA	NA
033Cm-CMPN001x01_260114_LH00793_B23GCKKLT3	NA	contig00010	11884	13344	+	msr(D)	ABC-F type ribosomal protection protein Msr(D)	core	AMR	AMR	MACROLIDE/STREPTOGRAMIN	AZITHROMYCIN/ERYTHROMYCIN/STREPTOGRAMIN B	EXACTX	487	487	100.00	100.00	487	WP_000420313.1	ABC-F type ribosomal protection protein Msr(D)	NA	NA
033Cm-CMPN001x01_260114_LH00793_B23GCKKLT3	NA	contig00010	26969	27616	+	catA	type A-9 chloramphenicol O-acetyltransferase	core	AMR	AMR	PHENICOL	CHLORAMPHENICOL	EXACTX	216	216	100.00	100.00	216	WP_001010387.1	type A-9 chloramphenicol O-acetyltransferase	NA	NA
039Ap-CMPN001x49_260114_LH00793_B23GCKKLT3	NA	contig00003	83950	85164	+	mef(A)	macrolide efflux MFS transporter Mef(A)	core	AMR	AMR	MACROLIDE	AZITHROMYCIN/ERYTHROMYCIN	EXACTX	405	405	100.00	100.00	405	WP_000417519.1	macrolide efflux MFS transporter Mef(A)	NA	NA
039Ap-CMPN001x49_260114_LH00793_B23GCKKLT3	NA	contig00003	85287	86747	+	msr(D)	ABC-F type ribosomal protection protein Msr(D)	core	AMR	AMR	MACROLIDE/STREPTOGRAMIN	AZITHROMYCIN/ERYTHROMYCIN/STREPTOGRAMIN B	EXACTX	487	487	100.00	100.00	487	WP_000420313.1	ABC-F type ribosomal protection protein Msr(D)	NA	NA
039Ap-CMPN001x49_260114_LH00793_B23GCKKLT3	NA	contig00005	54107	55837	-	tetB(46)	tetracycline efflux ABC transporter Tet(46) subunit B	core	AMR	AMR	TETRACYCLINE	TETRACYCLINE	BLASTX	577	578	99.83	96.01	577	WP_048717443.1	tetracycline efflux ABC transporter Tet(46) subunit B	NA	NA
039Ap-CMPN001x49_260114_LH00793_B23GCKKLT3	NA	contig00005	55842	57563	-	tetA(46)	tetracycline efflux ABC transporter Tet(46) subunit A	core	AMR	AMR	TETRACYCLINE	TETRACYCLINE	BLASTX	574	574	100.00	97.91	574	WP_063856469.1	tetracycline efflux ABC transporter Tet(46) subunit A	NA	NA
039Pp-CMPN001x39_260114_LH00793_B23GCKKLT3	NA	contig00002	144455	145669	+	mef(A)	macrolide efflux MFS transporter Mef(A)	core	AMR	AMR	MACROLIDE	AZITHROMYCIN/ERYTHROMYCIN	EXACTX	405	405	100.00	100.00	405	WP_000417519.1	macrolide efflux MFS transporter Mef(A)	NA	NA
039Pp-CMPN001x39_260114_LH00793_B23GCKKLT3	NA	contig00002	145792	147252	+	msr(D)	ABC-F type ribosomal protection protein Msr(D)	core	AMR	AMR	MACROLIDE/STREPTOGRAMIN	AZITHROMYCIN/ERYTHROMYCIN/STREPTOGRAMIN B	EXACTX	487	487	100.00	100.00	487	WP_000420313.1	ABC-F type ribosomal protection protein Msr(D)	NA	NA
039Pp-CMPN001x39_260114_LH00793_B23GCKKLT3	NA	contig00002	587834	588859	-	tet(M)	tetracycline resistance ribosomal protection protein Tet(M)	core	AMR	AMR	TETRACYCLINE	TETRACYCLINE	INTERNAL_STOP	342	639	53.52	98.83	342	WP_002414694.1	tetracycline resistance ribosomal protection protein Tet(M)	NA	NA
042Ap-CMPN001x50_260114_LH00793_B23GCKKLT3	NA	contig00013	9947	11677	-	tetB(46)	tetracycline efflux ABC transporter Tet(46) subunit B	core	AMR	AMR	TETRACYCLINE	TETRACYCLINE	BLASTX	577	578	99.83	95.84	577	WP_048717443.1	tetracycline efflux ABC transporter Tet(46) subunit B	NA	NA
042Ap-CMPN001x50_260114_LH00793_B23GCKKLT3	NA	contig00013	11682	13403	-	tetA(46)	tetracycline efflux ABC transporter Tet(46) subunit A	core	AMR	AMR	TETRACYCLINE	TETRACYCLINE	BLASTX	574	574	100.00	98.08	574	WP_063856469.1	tetracycline efflux ABC transporter Tet(46) subunit A	NA	NA
042Cg-CMPN001x02_260114_LH00793_B23GCKKLT3	NA	contig00002	277359	279275	+	tet(M)	tetracycline resistance ribosomal protection protein Tet(M)	core	AMR	AMR	TETRACYCLINE	TETRACYCLINE	BLASTX	639	639	100.00	99.84	639	WP_000691736.1	tetracycline resistance ribosomal protection protein Tet(M)	NA	NA
042Cg-CMPN001x02_260114_LH00793_B23GCKKLT3	NA	contig00002	280385	281119	+	erm(B)	23S rRNA (adenine(2058)-N(6))-methyltransferase Erm(B)	core	AMR	AMR	LINCOSAMIDE/MACROLIDE/STREPTOGRAMIN	CLINDAMYCIN/ERYTHROMYCIN/STREPTOGRAMIN B	EXACTX	245	245	100.00	100.00	245	WP_001038790.1	23S rRNA (adenine(2058)-N(6))-methyltransferase Erm(B)	NA	NA
047As-CMPN001x51_260114_LH00793_B23GCKKLT3	NA	contig00002	82251	84167	+	tet(M)	tetracycline resistance ribosomal protection protein Tet(M)	core	AMR	AMR	TETRACYCLINE	TETRACYCLINE	EXACTX	639	639	100.00	100.00	639	WP_000691727.1	tetracycline resistance ribosomal protection protein Tet(M)	NA	NA
047As-CMPN001x51_260114_LH00793_B23GCKKLT3	NA	contig00002	85277	86011	+	erm(B)	23S rRNA (adenine(2058)-N(6))-methyltransferase Erm(B)	core	AMR	AMR	LINCOSAMIDE/MACROLIDE/STREPTOGRAMIN	CLINDAMYCIN/ERYTHROMYCIN/STREPTOGRAMIN B	EXACTX	245	245	100.00	100.00	245	WP_001038790.1	23S rRNA (adenine(2058)-N(6))-methyltransferase Erm(B)	NA	NA
047As-CMPN001x51_260114_LH00793_B23GCKKLT3	NA	contig00007	40280	41740	-	msr(D)	ABC-F type ribosomal protection protein Msr(D)	core	AMR	AMR	MACROLIDE/STREPTOGRAMIN	AZITHROMYCIN/ERYTHROMYCIN/STREPTOGRAMIN B	BLASTX	487	487	100.00	99.79	487	WP_000420313.1	ABC-F type ribosomal protection protein Msr(D)	NA	NA
047As-CMPN001x51_260114_LH00793_B23GCKKLT3	NA	contig00007	41863	43077	-	mef(A)	macrolide efflux MFS transporter Mef(A)	core	AMR	AMR	MACROLIDE	AZITHROMYCIN/ERYTHROMYCIN	EXACTX	405	405	100.00	100.00	405	WP_000417519.1	macrolide efflux MFS transporter Mef(A)	NA	NA
047Cs-CMPN001x03_260114_LH00793_B23GCKKLT3	NA	contig00009	55006	55740	-	erm(B)	23S rRNA (adenine(2058)-N(6))-methyltransferase Erm(B)	core	AMR	AMR	LINCOSAMIDE/MACROLIDE/STREPTOGRAMIN	CLINDAMYCIN/ERYTHROMYCIN/STREPTOGRAMIN B	EXACTX	245	245	100.00	100.00	245	WP_001038790.1	23S rRNA (adenine(2058)-N(6))-methyltransferase Erm(B)	NA	NA
047Cs-CMPN001x03_260114_LH00793_B23GCKKLT3	NA	contig00009	56850	58766	-	tet(M)	tetracycline resistance ribosomal protection protein Tet(M)	core	AMR	AMR	TETRACYCLINE	TETRACYCLINE	BLASTX	639	639	100.00	99.69	639	WP_004632336.1	tetracycline resistance ribosomal protection protein Tet(M)	NA	NA
047Cs-CMPN001x03_260114_LH00793_B23GCKKLT3	NA	contig00016	2226	3686	-	msr(D)	ABC-F type ribosomal protection protein Msr(D)	core	AMR	AMR	MACROLIDE/STREPTOGRAMIN	AZITHROMYCIN/ERYTHROMYCIN/STREPTOGRAMIN B	EXACTX	487	487	100.00	100.00	487	WP_000420313.1	ABC-F type ribosomal protection protein Msr(D)	NA	NA
047Cs-CMPN001x03_260114_LH00793_B23GCKKLT3	NA	contig00016	3809	5023	-	mef(A)	macrolide efflux MFS transporter Mef(A)	core	AMR	AMR	MACROLIDE	AZITHROMYCIN/ERYTHROMYCIN	EXACTX	405	405	100.00	100.00	405	WP_000417519.1	macrolide efflux MFS transporter Mef(A)	NA	NA
050Cc-CMPN001x04_260114_LH00793_B23GCKKLT3	NA	contig00006	84519	86435	+	tet(M)	tetracycline resistance ribosomal protection protein Tet(M)	core	AMR	AMR	TETRACYCLINE	TETRACYCLINE	BLASTX	639	639	100.00	97.97	639	WP_063856115.1	tetracycline resistance ribosomal protection protein Tet(M)	NA	NA
050Cc-CMPN001x04_260114_LH00793_B23GCKKLT3	NA	contig00006	87545	88279	+	erm(B)	23S rRNA (adenine(2058)-N(6))-methyltransferase Erm(B)	core	AMR	AMR	LINCOSAMIDE/MACROLIDE/STREPTOGRAMIN	CLINDAMYCIN/ERYTHROMYCIN/STREPTOGRAMIN B	EXACTX	245	245	100.00	100.00	245	WP_001038790.1	23S rRNA (adenine(2058)-N(6))-methyltransferase Erm(B)	NA	NA
053Ap-CMPN001x52_260114_LH00793_B23GCKKLT3	NA	contig00003	159765	161486	+	tetA(46)	tetracycline efflux ABC transporter Tet(46) subunit A	core	AMR	AMR	TETRACYCLINE	TETRACYCLINE	BLASTX	574	574	100.00	97.91	574	WP_063856469.1	tetracycline efflux ABC transporter Tet(46) subunit A	NA	NA
053Ap-CMPN001x52_260114_LH00793_B23GCKKLT3	NA	contig00003	161491	163221	+	tetB(46)	tetracycline efflux ABC transporter Tet(46) subunit B	core	AMR	AMR	TETRACYCLINE	TETRACYCLINE	BLASTX	577	578	99.83	95.84	577	WP_048717443.1	tetracycline efflux ABC transporter Tet(46) subunit B	NA	NA
062Ca-CMPN001x06_260114_LH00793_B23GCKKLT3	NA	contig00001	149413	150147	+	erm(B)	23S rRNA (adenine(2058)-N(6))-methyltransferase Erm(B)	core	AMR	AMR	LINCOSAMIDE/MACROLIDE/STREPTOGRAMIN	CLINDAMYCIN/ERYTHROMYCIN/STREPTOGRAMIN B	EXACTX	245	245	100.00	100.00	245	WP_001038795.1	23S rRNA (adenine(2058)-N(6))-methyltransferase Erm(B)	NA	NA
066Pp-CMPN001x40_260114_LH00793_B23GCKKLT3	NA	contig00001	301590	302804	+	mef(A)	macrolide efflux MFS transporter Mef(A)	core	AMR	AMR	MACROLIDE	AZITHROMYCIN/ERYTHROMYCIN	EXACTX	405	405	100.00	100.00	405	WP_000417519.1	macrolide efflux MFS transporter Mef(A)	NA	NA
066Pp-CMPN001x40_260114_LH00793_B23GCKKLT3	NA	contig00001	302927	304387	+	msr(D)	ABC-F type ribosomal protection protein Msr(D)	core	AMR	AMR	MACROLIDE/STREPTOGRAMIN	AZITHROMYCIN/ERYTHROMYCIN/STREPTOGRAMIN B	EXACTX	487	487	100.00	100.00	487	WP_000420313.1	ABC-F type ribosomal protection protein Msr(D)	NA	NA
066Pp-CMPN001x40_260114_LH00793_B23GCKKLT3	NA	contig00003	171404	173134	-	tetB(46)	tetracycline efflux ABC transporter Tet(46) subunit B	core	AMR	AMR	TETRACYCLINE	TETRACYCLINE	BLASTX	577	578	99.83	94.97	577	WP_048717443.1	tetracycline efflux ABC transporter Tet(46) subunit B	NA	NA
066Pp-CMPN001x40_260114_LH00793_B23GCKKLT3	NA	contig00003	173139	174860	-	tetA(46)	tetracycline efflux ABC transporter Tet(46) subunit A	core	AMR	AMR	TETRACYCLINE	TETRACYCLINE	BLASTX	574	574	100.00	98.08	574	WP_063856469.1	tetracycline efflux ABC transporter Tet(46) subunit A	NA	NA
066Pp-CMPN001x40_260114_LH00793_B23GCKKLT3	NA	contig00015	6685	8601	-	tet(O)	tetracycline resistance ribosomal protection protein Tet(O)	core	AMR	AMR	TETRACYCLINE	TETRACYCLINE	BLASTX	639	639	100.00	99.84	639	WP_000691759.1	tetracycline resistance ribosomal protection protein Tet(O)	NA	NA
069Cv-CMPN001x07_260114_LH00793_B23GCKKLT3	NA	contig00003	52243	54159	+	tet(M)	tetracycline resistance ribosomal protection protein Tet(M)	core	AMR	AMR	TETRACYCLINE	TETRACYCLINE	EXACTX	639	639	100.00	100.00	639	WP_000691736.1	tetracycline resistance ribosomal protection protein Tet(M)	NA	NA
069Cv-CMPN001x07_260114_LH00793_B23GCKKLT3	NA	contig00003	55271	56005	+	erm(B)	23S rRNA (adenine(2058)-N(6))-methyltransferase Erm(B)	core	AMR	AMR	LINCOSAMIDE/MACROLIDE/STREPTOGRAMIN	CLINDAMYCIN/ERYTHROMYCIN/STREPTOGRAMIN B	EXACTX	245	245	100.00	100.00	245	WP_001038790.1	23S rRNA (adenine(2058)-N(6))-methyltransferase Erm(B)	NA	NA
070Ca-CMPN001x08_260114_LH00793_B23GCKKLT3	NA	contig00001	271383	273299	+	tet(W)	tetracycline resistance ribosomal protection protein Tet(W)	core	AMR	AMR	TETRACYCLINE	TETRACYCLINE	EXACTX	639	639	100.00	100.00	639	WP_002586627.1	tetracycline resistance ribosomal protection protein Tet(W)	NA	NA
070Ca-CMPN001x08_260114_LH00793_B23GCKKLT3	NA	contig00001	405110	405844	-	erm(B)	23S rRNA (adenine(2058)-N(6))-methyltransferase Erm(B)	core	AMR	AMR	LINCOSAMIDE/MACROLIDE/STREPTOGRAMIN	CLINDAMYCIN/ERYTHROMYCIN/STREPTOGRAMIN B	EXACTX	245	245	100.00	100.00	245	WP_001038790.1	23S rRNA (adenine(2058)-N(6))-methyltransferase Erm(B)	NA	NA
070Ca-CMPN001x08_260114_LH00793_B23GCKKLT3	NA	contig00001	406954	408870	-	tet(M)	tetracycline resistance ribosomal protection protein Tet(M)	core	AMR	AMR	TETRACYCLINE	TETRACYCLINE	BLASTX	639	639	100.00	99.84	639	WP_000691743.1	tetracycline resistance ribosomal protection protein Tet(M)	NA	NA
074Ca-CMPN001x09_260114_LH00793_B23GCKKLT3	NA	contig00004	58966	59700	-	erm(B)	23S rRNA (adenine(2058)-N(6))-methyltransferase Erm(B)	core	AMR	AMR	LINCOSAMIDE/MACROLIDE/STREPTOGRAMIN	CLINDAMYCIN/ERYTHROMYCIN/STREPTOGRAMIN B	EXACTX	245	245	100.00	100.00	245	WP_001038790.1	23S rRNA (adenine(2058)-N(6))-methyltransferase Erm(B)	NA	NA
074Ca-CMPN001x09_260114_LH00793_B23GCKKLT3	NA	contig00004	60810	62726	-	tet(M)	tetracycline resistance ribosomal protection protein Tet(M)	core	AMR	AMR	TETRACYCLINE	TETRACYCLINE	EXACTX	639	639	100.00	100.00	639	WP_000691743.1	tetracycline resistance ribosomal protection protein Tet(M)	NA	NA
079As-CMPN001x53_260114_LH00793_B23GCKKLT3	NA	contig00015	568	2484	-	tet(M)	tetracycline resistance ribosomal protection protein Tet(M)	core	AMR	AMR	TETRACYCLINE	TETRACYCLINE	BLASTX	639	639	100.00	99.84	639	WP_000691736.1	tetracycline resistance ribosomal protection protein Tet(M)	NA	NA
079As-CMPN001x53_260114_LH00793_B23GCKKLT3	NA	contig00055	566	1087	+	erm(B)	23S rRNA (adenine(2058)-N(6))-methyltransferase Erm(B)	core	AMR	AMR	LINCOSAMIDE/MACROLIDE/STREPTOGRAMIN	CLINDAMYCIN/ERYTHROMYCIN/STREPTOGRAMIN B	PARTIAL_CONTIG_ENDX	174	245	71.02	100.00	174	WP_001038795.1	23S rRNA (adenine(2058)-N(6))-methyltransferase Erm(B)	NA	NA
079Cs-CMPN001x10_260114_LH00793_B23GCKKLT3	NA	contig00001	96088	98004	+	tet(M)	tetracycline resistance ribosomal protection protein Tet(M)	core	AMR	AMR	TETRACYCLINE	TETRACYCLINE	BLASTX	639	639	100.00	99.84	639	WP_000691736.1	tetracycline resistance ribosomal protection protein Tet(M)	NA	NA
079Cs-CMPN001x10_260114_LH00793_B23GCKKLT3	NA	contig00001	99114	99848	+	erm(B)	23S rRNA (adenine(2058)-N(6))-methyltransferase Erm(B)	core	AMR	AMR	LINCOSAMIDE/MACROLIDE/STREPTOGRAMIN	CLINDAMYCIN/ERYTHROMYCIN/STREPTOGRAMIN B	BLASTX	245	245	100.00	99.59	245	WP_001038795.1	23S rRNA (adenine(2058)-N(6))-methyltransferase Erm(B)	NA	NA
079Ps-CMPN001x41_260114_LH00793_B23GCKKLT3	NA	contig00002	237792	239006	+	mef(A)	macrolide efflux MFS transporter Mef(A)	core	AMR	AMR	MACROLIDE	AZITHROMYCIN/ERYTHROMYCIN	EXACTX	405	405	100.00	100.00	405	WP_000417519.1	macrolide efflux MFS transporter Mef(A)	NA	NA
079Ps-CMPN001x41_260114_LH00793_B23GCKKLT3	NA	contig00002	239129	240589	+	msr(D)	ABC-F type ribosomal protection protein Msr(D)	core	AMR	AMR	MACROLIDE/STREPTOGRAMIN	AZITHROMYCIN/ERYTHROMYCIN/STREPTOGRAMIN B	EXACTX	487	487	100.00	100.00	487	WP_000420313.1	ABC-F type ribosomal protection protein Msr(D)	NA	NA
083Cg-CMPN001x11_260114_LH00793_B23GCKKLT3	NA	contig00002	110937	111671	-	erm(B)	23S rRNA (adenine(2058)-N(6))-methyltransferase Erm(B)	core	AMR	AMR	LINCOSAMIDE/MACROLIDE/STREPTOGRAMIN	CLINDAMYCIN/ERYTHROMYCIN/STREPTOGRAMIN B	EXACTX	245	245	100.00	100.00	245	WP_001038790.1	23S rRNA (adenine(2058)-N(6))-methyltransferase Erm(B)	NA	NA
083Cg-CMPN001x11_260114_LH00793_B23GCKKLT3	NA	contig00002	112781	114697	-	tet(M)	tetracycline resistance ribosomal protection protein Tet(M)	core	AMR	AMR	TETRACYCLINE	TETRACYCLINE	EXACTX	639	639	100.00	100.00	639	WP_000691727.1	tetracycline resistance ribosomal protection protein Tet(M)	NA	NA
089Cs-CMPN001x12_260114_LH00793_B23GCKKLT3	NA	contig00013	39117	39851	-	erm(B)	23S rRNA (adenine(2058)-N(6))-methyltransferase Erm(B)	core	AMR	AMR	LINCOSAMIDE/MACROLIDE/STREPTOGRAMIN	CLINDAMYCIN/ERYTHROMYCIN/STREPTOGRAMIN B	EXACTX	245	245	100.00	100.00	245	WP_001038790.1	23S rRNA (adenine(2058)-N(6))-methyltransferase Erm(B)	NA	NA
089Cs-CMPN001x12_260114_LH00793_B23GCKKLT3	NA	contig00013	40961	42877	-	tet(M)	tetracycline resistance ribosomal protection protein Tet(M)	core	AMR	AMR	TETRACYCLINE	TETRACYCLINE	EXACTX	639	639	100.00	100.00	639	WP_000691736.1	tetracycline resistance ribosomal protection protein Tet(M)	NA	NA
092Cs-CMPN001x14_260114_LH00793_B23GCKKLT3	NA	contig00001	340585	342501	+	tet(M)	tetracycline resistance ribosomal protection protein Tet(M)	core	AMR	AMR	TETRACYCLINE	TETRACYCLINE	BLASTX	639	639	100.00	98.12	639	WP_000691729.1	tetracycline resistance ribosomal protection protein Tet(M)	NA	NA
092Cs-CMPN001x14_260114_LH00793_B23GCKKLT3	NA	contig00001	343611	344345	+	erm(B)	23S rRNA (adenine(2058)-N(6))-methyltransferase Erm(B)	core	AMR	AMR	LINCOSAMIDE/MACROLIDE/STREPTOGRAMIN	CLINDAMYCIN/ERYTHROMYCIN/STREPTOGRAMIN B	BLASTX	245	245	100.00	99.59	245	WP_002321849.1	23S rRNA (adenine(2058)-N(6))-methyltransferase Erm(B)	NA	NA
092Cs-CMPN001x14_260114_LH00793_B23GCKKLT3	NA	contig00001	717700	719160	-	msr(D)	ABC-F type ribosomal protection protein Msr(D)	core	AMR	AMR	MACROLIDE/STREPTOGRAMIN	AZITHROMYCIN/ERYTHROMYCIN/STREPTOGRAMIN B	EXACTX	487	487	100.00	100.00	487	WP_000420313.1	ABC-F type ribosomal protection protein Msr(D)	NA	NA
092Cs-CMPN001x14_260114_LH00793_B23GCKKLT3	NA	contig00001	719283	720497	-	mef(A)	macrolide efflux MFS transporter Mef(A)	core	AMR	AMR	MACROLIDE	AZITHROMYCIN/ERYTHROMYCIN	EXACTX	405	405	100.00	100.00	405	WP_000417519.1	macrolide efflux MFS transporter Mef(A)	NA	NA
092Cv-CMPN001x15_260114_LH00793_B23GCKKLT3	NA	contig00004	74846	76306	-	msr(D)	ABC-F type ribosomal protection protein Msr(D)	core	AMR	AMR	MACROLIDE/STREPTOGRAMIN	AZITHROMYCIN/ERYTHROMYCIN/STREPTOGRAMIN B	BLASTX	487	487	100.00	99.79	487	WP_000420313.1	ABC-F type ribosomal protection protein Msr(D)	NA	NA
092Cv-CMPN001x15_260114_LH00793_B23GCKKLT3	NA	contig00004	76429	77643	-	mef(A)	macrolide efflux MFS transporter Mef(A)	core	AMR	AMR	MACROLIDE	AZITHROMYCIN/ERYTHROMYCIN	EXACTX	405	405	100.00	100.00	405	WP_000417519.1	macrolide efflux MFS transporter Mef(A)	NA	NA
092Cv-CMPN001x15_260114_LH00793_B23GCKKLT3	NA	contig00005	133514	134248	-	erm(B)	23S rRNA (adenine(2058)-N(6))-methyltransferase Erm(B)	core	AMR	AMR	LINCOSAMIDE/MACROLIDE/STREPTOGRAMIN	CLINDAMYCIN/ERYTHROMYCIN/STREPTOGRAMIN B	EXACTX	245	245	100.00	100.00	245	WP_001038790.1	23S rRNA (adenine(2058)-N(6))-methyltransferase Erm(B)	NA	NA
092Cv-CMPN001x15_260114_LH00793_B23GCKKLT3	NA	contig00005	135358	137274	-	tet(M)	tetracycline resistance ribosomal protection protein Tet(M)	core	AMR	AMR	TETRACYCLINE	TETRACYCLINE	EXACTX	639	639	100.00	100.00	639	WP_000691727.1	tetracycline resistance ribosomal protection protein Tet(M)	NA	NA
092Cv-CMPN001x15_260114_LH00793_B23GCKKLT3	NA	contig00005	150526	152001	+	lsa(C)	ABC-F type ribosomal protection protein Lsa(C)	core	AMR	AMR	LINCOSAMIDE/STREPTOGRAMIN	LINCOSAMIDE/STREPTOGRAMIN	BLASTX	492	492	100.00	93.29	492	WP_063851347.1	ABC-F type ribosomal protection protein Lsa(C)	NA	NA
094Cm-CMPN001x16_260114_LH00793_B23GCKKLT3	NA	contig00002	43912	45126	+	mef(A)	macrolide efflux MFS transporter Mef(A)	core	AMR	AMR	MACROLIDE	AZITHROMYCIN/ERYTHROMYCIN	EXACTX	405	405	100.00	100.00	405	WP_000417519.1	macrolide efflux MFS transporter Mef(A)	NA	NA
094Cm-CMPN001x16_260114_LH00793_B23GCKKLT3	NA	contig00002	45249	46709	+	msr(D)	ABC-F type ribosomal protection protein Msr(D)	core	AMR	AMR	MACROLIDE/STREPTOGRAMIN	AZITHROMYCIN/ERYTHROMYCIN/STREPTOGRAMIN B	EXACTX	487	487	100.00	100.00	487	WP_000420313.1	ABC-F type ribosomal protection protein Msr(D)	NA	NA
094Cm-CMPN001x16_260114_LH00793_B23GCKKLT3	NA	contig00003	13129	15045	+	tet(M)	tetracycline resistance ribosomal protection protein Tet(M)	core	AMR	AMR	TETRACYCLINE	TETRACYCLINE	EXACTX	639	639	100.00	100.00	639	WP_000691743.1	tetracycline resistance ribosomal protection protein Tet(M)	NA	NA
094Cm-CMPN001x16_260114_LH00793_B23GCKKLT3	NA	contig00004	209340	210590	-	lsa	Lsa family ABC-F type ribosomal protection protein	core	AMR	AMR	LINCOSAMIDE/STREPTOGRAMIN	LINCOSAMIDE/STREPTOGRAMIN	PARTIAL_CONTIG_ENDX	417	492	84.76	91.85	417	WP_063851347.1	ABC-F type ribosomal protection protein Lsa(C)	NA	NA
094Cm-CMPN001x16_260114_LH00793_B23GCKKLT3	NA	contig00015	31424	32674	-	lsa(C)	ABC-F type ribosomal protection protein Lsa(C)	core	AMR	AMR	LINCOSAMIDE/STREPTOGRAMIN	LINCOSAMIDE/STREPTOGRAMIN	PARTIAL_CONTIG_ENDX	417	492	84.76	99.28	417	WP_063851347.1	ABC-F type ribosomal protection protein Lsa(C)	NA	NA
098Cp-CMPN001x18_260114_LH00793_B23GCKKLT3	NA	contig00001	245766	247487	+	tetA(46)	tetracycline efflux ABC transporter Tet(46) subunit A	core	AMR	AMR	TETRACYCLINE	TETRACYCLINE	BLASTX	574	574	100.00	95.47	574	WP_063856469.1	tetracycline efflux ABC transporter Tet(46) subunit A	NA	NA
098Cp-CMPN001x18_260114_LH00793_B23GCKKLT3	NA	contig00001	247492	249225	+	tetB(46)	tetracycline efflux ABC transporter Tet(46) subunit B	core	AMR	AMR	TETRACYCLINE	TETRACYCLINE	BLASTX	578	578	100.00	94.81	578	WP_048717443.1	tetracycline efflux ABC transporter Tet(46) subunit B	NA	NA
098Cp-CMPN001x18_260114_LH00793_B23GCKKLT3	NA	contig00001	310533	312449	+	tet(M)	tetracycline resistance ribosomal protection protein Tet(M)	core	AMR	AMR	TETRACYCLINE	TETRACYCLINE	BLASTX	639	639	100.00	99.84	639	WP_000691743.1	tetracycline resistance ribosomal protection protein Tet(M)	NA	NA
098Cp-CMPN001x18_260114_LH00793_B23GCKKLT3	NA	contig00001	313559	314293	+	erm(B)	23S rRNA (adenine(2058)-N(6))-methyltransferase Erm(B)	core	AMR	AMR	LINCOSAMIDE/MACROLIDE/STREPTOGRAMIN	CLINDAMYCIN/ERYTHROMYCIN/STREPTOGRAMIN B	BLASTX	245	245	100.00	99.59	245	WP_001038795.1	23S rRNA (adenine(2058)-N(6))-methyltransferase Erm(B)	NA	NA
098Cp-CMPN001x18_260114_LH00793_B23GCKKLT3	NA	contig00001	516843	518057	+	mef(A)	macrolide efflux MFS transporter Mef(A)	core	AMR	AMR	MACROLIDE	AZITHROMYCIN/ERYTHROMYCIN	EXACTX	405	405	100.00	100.00	405	WP_000417519.1	macrolide efflux MFS transporter Mef(A)	NA	NA
098Cp-CMPN001x18_260114_LH00793_B23GCKKLT3	NA	contig00001	518180	519640	+	msr(D)	ABC-F type ribosomal protection protein Msr(D)	core	AMR	AMR	MACROLIDE/STREPTOGRAMIN	AZITHROMYCIN/ERYTHROMYCIN/STREPTOGRAMIN B	EXACTX	487	487	100.00	100.00	487	WP_000420313.1	ABC-F type ribosomal protection protein Msr(D)	NA	NA
100Cs-CMPN001x20_260114_LH00793_B23GCKKLT3	NA	contig00001	591865	592599	+	erm(B)	23S rRNA (adenine(2058)-N(6))-methyltransferase Erm(B)	core	AMR	AMR	LINCOSAMIDE/MACROLIDE/STREPTOGRAMIN	CLINDAMYCIN/ERYTHROMYCIN/STREPTOGRAMIN B	EXACTX	245	245	100.00	100.00	245	WP_001038795.1	23S rRNA (adenine(2058)-N(6))-methyltransferase Erm(B)	NA	NA
100Cs-CMPN001x20_260114_LH00793_B23GCKKLT3	NA	contig00001	602517	604433	+	tet(M)	tetracycline resistance ribosomal protection protein Tet(M)	core	AMR	AMR	TETRACYCLINE	TETRACYCLINE	EXACTX	639	639	100.00	100.00	639	WP_000691743.1	tetracycline resistance ribosomal protection protein Tet(M)	NA	NA
103Cs-CMPN001x21_260114_LH00793_B23GCKKLT3	NA	contig00009	39409	40884	-	lsa(C)	ABC-F type ribosomal protection protein Lsa(C)	core	AMR	AMR	LINCOSAMIDE/STREPTOGRAMIN	LINCOSAMIDE/STREPTOGRAMIN	BLASTX	492	492	100.00	99.39	492	WP_063851347.1	ABC-F type ribosomal protection protein Lsa(C)	NA	NA
104Ap-CMPN001x55_260114_LH00793_B23GCKKLT3	NA	contig00001	40376	42097	+	tetA(46)	tetracycline efflux ABC transporter Tet(46) subunit A	core	AMR	AMR	TETRACYCLINE	TETRACYCLINE	BLASTX	574	574	100.00	97.56	574	WP_063856469.1	tetracycline efflux ABC transporter Tet(46) subunit A	NA	NA
104Ap-CMPN001x55_260114_LH00793_B23GCKKLT3	NA	contig00001	42102	43832	+	tetB(46)	tetracycline efflux ABC transporter Tet(46) subunit B	core	AMR	AMR	TETRACYCLINE	TETRACYCLINE	BLASTX	577	578	99.83	96.53	577	WP_048717443.1	tetracycline efflux ABC transporter Tet(46) subunit B	NA	NA
104Ap-CMPN001x55_260114_LH00793_B23GCKKLT3	NA	contig00005	76630	78090	-	msr(D)	ABC-F type ribosomal protection protein Msr(D)	core	AMR	AMR	MACROLIDE/STREPTOGRAMIN	AZITHROMYCIN/ERYTHROMYCIN/STREPTOGRAMIN B	EXACTX	487	487	100.00	100.00	487	WP_000420313.1	ABC-F type ribosomal protection protein Msr(D)	NA	NA
104Ap-CMPN001x55_260114_LH00793_B23GCKKLT3	NA	contig00005	78213	79427	-	mef(A)	macrolide efflux MFS transporter Mef(A)	core	AMR	AMR	MACROLIDE	AZITHROMYCIN/ERYTHROMYCIN	BLASTX	405	405	100.00	99.75	405	WP_000417519.1	macrolide efflux MFS transporter Mef(A)	NA	NA
104Ap-CMPN001x55_260114_LH00793_B23GCKKLT3	NA	contig00006	81819	83735	+	tet(O)	tetracycline resistance ribosomal protection protein Tet(O)	core	AMR	AMR	TETRACYCLINE	TETRACYCLINE	BLASTX	639	639	100.00	99.84	639	WP_012669445.1	tetracycline resistance ribosomal protection protein Tet(O)	NA	NA
104Csv-CMPN001x22_260114_LH00793_B23GCKKLT3	NA	contig00006	10562	12478	+	tet(M)	tetracycline resistance ribosomal protection protein Tet(M)	core	AMR	AMR	TETRACYCLINE	TETRACYCLINE	EXACTX	639	639	100.00	100.00	639	WP_004632336.1	tetracycline resistance ribosomal protection protein Tet(M)	NA	NA
104Csv-CMPN001x22_260114_LH00793_B23GCKKLT3	NA	contig00006	13588	14322	+	erm(B)	23S rRNA (adenine(2058)-N(6))-methyltransferase Erm(B)	core	AMR	AMR	LINCOSAMIDE/MACROLIDE/STREPTOGRAMIN	CLINDAMYCIN/ERYTHROMYCIN/STREPTOGRAMIN B	BLASTX	245	245	100.00	99.59	245	WP_001038795.1	23S rRNA (adenine(2058)-N(6))-methyltransferase Erm(B)	NA	NA
105Cc-CMPN001x23_260114_LH00793_B23GCKKLT3	NA	contig00003	135922	137838	-	tet(M)	tetracycline resistance ribosomal protection protein Tet(M)	core	AMR	AMR	TETRACYCLINE	TETRACYCLINE	BLASTX	639	639	100.00	99.69	639	WP_000691729.1	tetracycline resistance ribosomal protection protein Tet(M)	NA	NA
105Cc-CMPN001x23_260114_LH00793_B23GCKKLT3	NA	contig00003	147759	148493	-	erm(B)	23S rRNA (adenine(2058)-N(6))-methyltransferase Erm(B)	core	AMR	AMR	LINCOSAMIDE/MACROLIDE/STREPTOGRAMIN	CLINDAMYCIN/ERYTHROMYCIN/STREPTOGRAMIN B	EXACTX	245	245	100.00	100.00	245	WP_001038795.1	23S rRNA (adenine(2058)-N(6))-methyltransferase Erm(B)	NA	NA
108Cap-CMPN001x24_260114_LH00793_B23GCKKLT3	NA	contig00001	115872	116606	+	erm(B)	23S rRNA (adenine(2058)-N(6))-methyltransferase Erm(B)	core	AMR	AMR	LINCOSAMIDE/MACROLIDE/STREPTOGRAMIN	CLINDAMYCIN/ERYTHROMYCIN/STREPTOGRAMIN B	EXACTX	245	245	100.00	100.00	245	WP_001038795.1	23S rRNA (adenine(2058)-N(6))-methyltransferase Erm(B)	NA	NA
108Cap-CMPN001x24_260114_LH00793_B23GCKKLT3	NA	contig00001	126527	128443	+	tet(M)	tetracycline resistance ribosomal protection protein Tet(M)	core	AMR	AMR	TETRACYCLINE	TETRACYCLINE	BLASTX	639	639	100.00	99.69	639	WP_000691741.1	tetracycline resistance ribosomal protection protein Tet(M)	NA	NA
108Cv-CMPN001x25_260114_LH00793_B23GCKKLT3	NA	contig00001	94054	95970	+	tet(M)	tetracycline resistance ribosomal protection protein Tet(M)	core	AMR	AMR	TETRACYCLINE	TETRACYCLINE	EXACTX	639	639	100.00	100.00	639	WP_000691736.1	tetracycline resistance ribosomal protection protein Tet(M)	NA	NA
108Cv-CMPN001x25_260114_LH00793_B23GCKKLT3	NA	contig00001	97080	97814	+	erm(B)	23S rRNA (adenine(2058)-N(6))-methyltransferase Erm(B)	core	AMR	AMR	LINCOSAMIDE/MACROLIDE/STREPTOGRAMIN	CLINDAMYCIN/ERYTHROMYCIN/STREPTOGRAMIN B	EXACTX	245	245	100.00	100.00	245	WP_001038790.1	23S rRNA (adenine(2058)-N(6))-methyltransferase Erm(B)	NA	NA
110Am-CMPN001x56_260114_LH00793_B23GCKKLT3	NA	contig00004	22798	24012	+	mef(A)	macrolide efflux MFS transporter Mef(A)	core	AMR	AMR	MACROLIDE	AZITHROMYCIN/ERYTHROMYCIN	EXACTX	405	405	100.00	100.00	405	WP_000417519.1	macrolide efflux MFS transporter Mef(A)	NA	NA
110Am-CMPN001x56_260114_LH00793_B23GCKKLT3	NA	contig00004	24135	25595	+	msr(D)	ABC-F type ribosomal protection protein Msr(D)	core	AMR	AMR	MACROLIDE/STREPTOGRAMIN	AZITHROMYCIN/ERYTHROMYCIN/STREPTOGRAMIN B	EXACTX	487	487	100.00	100.00	487	WP_000420313.1	ABC-F type ribosomal protection protein Msr(D)	NA	NA
110Ca-CMPN001x26_260114_LH00793_B23GCKKLT3	NA	contig00004	33053	34969	+	tet(M)	tetracycline resistance ribosomal protection protein Tet(M)	core	AMR	AMR	TETRACYCLINE	TETRACYCLINE	EXACTX	639	639	100.00	100.00	639	WP_000691741.1	tetracycline resistance ribosomal protection protein Tet(M)	NA	NA
110Ca-CMPN001x26_260114_LH00793_B23GCKKLT3	NA	contig00004	36079	36813	+	erm(B)	23S rRNA (adenine(2058)-N(6))-methyltransferase Erm(B)	core	AMR	AMR	LINCOSAMIDE/MACROLIDE/STREPTOGRAMIN	CLINDAMYCIN/ERYTHROMYCIN/STREPTOGRAMIN B	EXACTX	245	245	100.00	100.00	245	WP_001038790.1	23S rRNA (adenine(2058)-N(6))-methyltransferase Erm(B)	NA	NA
110Cm-CMPN001x27_260114_LH00793_B23GCKKLT3	NA	contig00001	230312	231046	-	erm(B)	23S rRNA (adenine(2058)-N(6))-methyltransferase Erm(B)	core	AMR	AMR	LINCOSAMIDE/MACROLIDE/STREPTOGRAMIN	CLINDAMYCIN/ERYTHROMYCIN/STREPTOGRAMIN B	BLASTX	245	245	100.00	99.59	245	WP_001038795.1	23S rRNA (adenine(2058)-N(6))-methyltransferase Erm(B)	NA	NA
110Cm-CMPN001x27_260114_LH00793_B23GCKKLT3	NA	contig00001	232156	234072	-	tet(M)	tetracycline resistance ribosomal protection protein Tet(M)	core	AMR	AMR	TETRACYCLINE	TETRACYCLINE	BLASTX	639	639	100.00	99.53	639	WP_000691743.1	tetracycline resistance ribosomal protection protein Tet(M)	NA	NA
110Cm-CMPN001x27_260114_LH00793_B23GCKKLT3	NA	contig00001	247190	248665	+	lsa(C)	ABC-F type ribosomal protection protein Lsa(C)	core	AMR	AMR	LINCOSAMIDE/STREPTOGRAMIN	LINCOSAMIDE/STREPTOGRAMIN	BLASTX	492	492	100.00	99.19	492	WP_063851347.1	ABC-F type ribosomal protection protein Lsa(C)	NA	NA
110Cm-CMPN001x27_260114_LH00793_B23GCKKLT3	NA	contig00001	278327	279787	-	msr(D)	ABC-F type ribosomal protection protein Msr(D)	core	AMR	AMR	MACROLIDE/STREPTOGRAMIN	AZITHROMYCIN/ERYTHROMYCIN/STREPTOGRAMIN B	EXACTX	487	487	100.00	100.00	487	WP_000420313.1	ABC-F type ribosomal protection protein Msr(D)	NA	NA
110Cm-CMPN001x27_260114_LH00793_B23GCKKLT3	NA	contig00001	279811	281025	-	mef(A)	macrolide efflux MFS transporter Mef(A)	core	AMR	AMR	MACROLIDE	AZITHROMYCIN/ERYTHROMYCIN	EXACTX	405	405	100.00	100.00	405	WP_000417519.1	macrolide efflux MFS transporter Mef(A)	NA	NA
111Ap-CMPN001x58_260114_LH00793_B23GCKKLT3	NA	contig00001	300767	302488	+	tetA(46)	tetracycline efflux ABC transporter Tet(46) subunit A	core	AMR	AMR	TETRACYCLINE	TETRACYCLINE	BLASTX	574	574	100.00	97.39	574	WP_063856469.1	tetracycline efflux ABC transporter Tet(46) subunit A	NA	NA
111Ap-CMPN001x58_260114_LH00793_B23GCKKLT3	NA	contig00001	302493	304223	+	tetB(46)	tetracycline efflux ABC transporter Tet(46) subunit B	core	AMR	AMR	TETRACYCLINE	TETRACYCLINE	BLASTX	577	578	99.83	96.88	577	WP_048717443.1	tetracycline efflux ABC transporter Tet(46) subunit B	NA	NA
111Ap-CMPN001x58_260114_LH00793_B23GCKKLT3	NA	contig00004	74483	75499	+	mef(A)	macrolide efflux MFS transporter Mef(A)	core	AMR	AMR	MACROLIDE	AZITHROMYCIN/ERYTHROMYCIN	PARTIALX	339	405	83.70	95.87	339	WP_000417519.1	macrolide efflux MFS transporter Mef(A)	NA	NA
111Ap-CMPN001x58_260114_LH00793_B23GCKKLT3	NA	contig00004	75819	77279	+	msr(D)	ABC-F type ribosomal protection protein Msr(D)	core	AMR	AMR	MACROLIDE/STREPTOGRAMIN	AZITHROMYCIN/ERYTHROMYCIN/STREPTOGRAMIN B	BLASTX	487	487	100.00	99.79	487	WP_000420313.1	ABC-F type ribosomal protection protein Msr(D)	NA	NA
112Csv-CMPN001x28_260114_LH00793_B23GCKKLT3	NA	contig00003	136203	136937	-	erm(B)	23S rRNA (adenine(2058)-N(6))-methyltransferase Erm(B)	core	AMR	AMR	LINCOSAMIDE/MACROLIDE/STREPTOGRAMIN	CLINDAMYCIN/ERYTHROMYCIN/STREPTOGRAMIN B	EXACTX	245	245	100.00	100.00	245	WP_001038790.1	23S rRNA (adenine(2058)-N(6))-methyltransferase Erm(B)	NA	NA
112Csv-CMPN001x28_260114_LH00793_B23GCKKLT3	NA	contig00003	138047	139963	-	tet(M)	tetracycline resistance ribosomal protection protein Tet(M)	core	AMR	AMR	TETRACYCLINE	TETRACYCLINE	EXACTX	639	639	100.00	100.00	639	WP_000691727.1	tetracycline resistance ribosomal protection protein Tet(M)	NA	NA
113Ap-CMPN001x59_260114_LH00793_B23GCKKLT3	NA	contig00002	104211	105941	-	tetB(46)	tetracycline efflux ABC transporter Tet(46) subunit B	core	AMR	AMR	TETRACYCLINE	TETRACYCLINE	BLASTX	577	578	99.83	95.84	577	WP_048717443.1	tetracycline efflux ABC transporter Tet(46) subunit B	NA	NA
113Ap-CMPN001x59_260114_LH00793_B23GCKKLT3	NA	contig00002	105946	107667	-	tetA(46)	tetracycline efflux ABC transporter Tet(46) subunit A	core	AMR	AMR	TETRACYCLINE	TETRACYCLINE	BLASTX	574	574	100.00	97.21	574	WP_063856469.1	tetracycline efflux ABC transporter Tet(46) subunit A	NA	NA
113Ap-CMPN001x59_260114_LH00793_B23GCKKLT3	NA	contig00003	262311	263771	-	msr(D)	ABC-F type ribosomal protection protein Msr(D)	core	AMR	AMR	MACROLIDE/STREPTOGRAMIN	AZITHROMYCIN/ERYTHROMYCIN/STREPTOGRAMIN B	EXACTX	487	487	100.00	100.00	487	WP_000420313.1	ABC-F type ribosomal protection protein Msr(D)	NA	NA
113Ap-CMPN001x59_260114_LH00793_B23GCKKLT3	NA	contig00003	263894	265108	-	mef(A)	macrolide efflux MFS transporter Mef(A)	core	AMR	AMR	MACROLIDE	AZITHROMYCIN/ERYTHROMYCIN	BLASTX	405	405	100.00	99.75	405	WP_000417519.1	macrolide efflux MFS transporter Mef(A)	NA	NA
113Cp-CMPN001x29_260114_LH00793_B23GCKKLT3	NA	contig00003	146058	146792	-	erm(B)	23S rRNA (adenine(2058)-N(6))-methyltransferase Erm(B)	core	AMR	AMR	LINCOSAMIDE/MACROLIDE/STREPTOGRAMIN	CLINDAMYCIN/ERYTHROMYCIN/STREPTOGRAMIN B	BLASTX	245	245	100.00	99.59	245	WP_001038795.1	23S rRNA (adenine(2058)-N(6))-methyltransferase Erm(B)	NA	NA
113Cp-CMPN001x29_260114_LH00793_B23GCKKLT3	NA	contig00003	147902	149818	-	tet(M)	tetracycline resistance ribosomal protection protein Tet(M)	core	AMR	AMR	TETRACYCLINE	TETRACYCLINE	EXACTX	639	639	100.00	100.00	639	WP_004632336.1	tetracycline resistance ribosomal protection protein Tet(M)	NA	NA
113Cp-CMPN001x29_260114_LH00793_B23GCKKLT3	NA	contig00015	29037	30758	+	tetA(46)	tetracycline efflux ABC transporter Tet(46) subunit A	core	AMR	AMR	TETRACYCLINE	TETRACYCLINE	BLASTX	574	574	100.00	97.74	574	WP_063856469.1	tetracycline efflux ABC transporter Tet(46) subunit A	NA	NA
113Cp-CMPN001x29_260114_LH00793_B23GCKKLT3	NA	contig00015	30763	32493	+	tetB(46)	tetracycline efflux ABC transporter Tet(46) subunit B	core	AMR	AMR	TETRACYCLINE	TETRACYCLINE	BLASTX	577	578	99.83	95.49	577	WP_048717443.1	tetracycline efflux ABC transporter Tet(46) subunit B	NA	NA
113Pp-CMPN001x44_260114_LH00793_B23GCKKLT3	NA	contig00001	426790	428511	+	tetA(46)	tetracycline efflux ABC transporter Tet(46) subunit A	core	AMR	AMR	TETRACYCLINE	TETRACYCLINE	BLASTX	574	574	100.00	97.21	574	WP_063856469.1	tetracycline efflux ABC transporter Tet(46) subunit A	NA	NA
113Pp-CMPN001x44_260114_LH00793_B23GCKKLT3	NA	contig00001	428516	430246	+	tetB(46)	tetracycline efflux ABC transporter Tet(46) subunit B	core	AMR	AMR	TETRACYCLINE	TETRACYCLINE	BLASTX	577	578	99.83	95.84	577	WP_048717443.1	tetracycline efflux ABC transporter Tet(46) subunit B	NA	NA
113Pp-CMPN001x44_260114_LH00793_B23GCKKLT3	NA	contig00003	262311	263771	-	msr(D)	ABC-F type ribosomal protection protein Msr(D)	core	AMR	AMR	MACROLIDE/STREPTOGRAMIN	AZITHROMYCIN/ERYTHROMYCIN/STREPTOGRAMIN B	EXACTX	487	487	100.00	100.00	487	WP_000420313.1	ABC-F type ribosomal protection protein Msr(D)	NA	NA
113Pp-CMPN001x44_260114_LH00793_B23GCKKLT3	NA	contig00003	263894	265108	-	mef(A)	macrolide efflux MFS transporter Mef(A)	core	AMR	AMR	MACROLIDE	AZITHROMYCIN/ERYTHROMYCIN	BLASTX	405	405	100.00	99.75	405	WP_000417519.1	macrolide efflux MFS transporter Mef(A)	NA	NA
114Cim-CMPN001x30_260114_LH00793_B23GCKKLT3	NA	contig00003	88372	89832	-	msr(D)	ABC-F type ribosomal protection protein Msr(D)	core	AMR	AMR	MACROLIDE/STREPTOGRAMIN	AZITHROMYCIN/ERYTHROMYCIN/STREPTOGRAMIN B	EXACTX	487	487	100.00	100.00	487	WP_000420313.1	ABC-F type ribosomal protection protein Msr(D)	NA	NA
114Cim-CMPN001x30_260114_LH00793_B23GCKKLT3	NA	contig00003	89955	91169	-	mef(A)	macrolide efflux MFS transporter Mef(A)	core	AMR	AMR	MACROLIDE	AZITHROMYCIN/ERYTHROMYCIN	EXACTX	405	405	100.00	100.00	405	WP_000417519.1	macrolide efflux MFS transporter Mef(A)	NA	NA
114Cim-CMPN001x30_260114_LH00793_B23GCKKLT3	NA	contig00006	50140	51615	+	lsa(C)	ABC-F type ribosomal protection protein Lsa(C)	core	AMR	AMR	LINCOSAMIDE/STREPTOGRAMIN	LINCOSAMIDE/STREPTOGRAMIN	BLASTX	492	492	100.00	99.59	492	WP_063851347.1	ABC-F type ribosomal protection protein Lsa(C)	NA	NA
114Cim-CMPN001x30_260114_LH00793_B23GCKKLT3	NA	contig00006	76369	78285	+	tet(M)	tetracycline resistance ribosomal protection protein Tet(M)	core	AMR	AMR	TETRACYCLINE	TETRACYCLINE	EXACTX	639	639	100.00	100.00	639	WP_000691736.1	tetracycline resistance ribosomal protection protein Tet(M)	NA	NA
116mi-CMPN001x92_260114_LH00793_B23GCKKLT3	NA	contig00015	39672	41588	+	tet(M)	tetracycline resistance ribosomal protection protein Tet(M)	core	AMR	AMR	TETRACYCLINE	TETRACYCLINE	EXACTX	639	639	100.00	100.00	639	WP_000691741.1	tetracycline resistance ribosomal protection protein Tet(M)	NA	NA
116mi-CMPN001x92_260114_LH00793_B23GCKKLT3	NA	contig00021	7584	8798	+	mef(A)	macrolide efflux MFS transporter Mef(A)	core	AMR	AMR	MACROLIDE	AZITHROMYCIN/ERYTHROMYCIN	EXACTX	405	405	100.00	100.00	405	WP_000417519.1	macrolide efflux MFS transporter Mef(A)	NA	NA
116mi-CMPN001x92_260114_LH00793_B23GCKKLT3	NA	contig00021	8921	10381	+	msr(D)	ABC-F type ribosomal protection protein Msr(D)	core	AMR	AMR	MACROLIDE/STREPTOGRAMIN	AZITHROMYCIN/ERYTHROMYCIN/STREPTOGRAMIN B	EXACTX	487	487	100.00	100.00	487	WP_000420313.1	ABC-F type ribosomal protection protein Msr(D)	NA	NA
118Ap-CMPN001x60_260114_LH00793_B23GCKKLT3	NA	contig00003	18090	19550	-	msr(D)	ABC-F type ribosomal protection protein Msr(D)	core	AMR	AMR	MACROLIDE/STREPTOGRAMIN	AZITHROMYCIN/ERYTHROMYCIN/STREPTOGRAMIN B	EXACTX	487	487	100.00	100.00	487	WP_000420313.1	ABC-F type ribosomal protection protein Msr(D)	NA	NA
118Ap-CMPN001x60_260114_LH00793_B23GCKKLT3	NA	contig00003	19673	20887	-	mef(A)	macrolide efflux MFS transporter Mef(A)	core	AMR	AMR	MACROLIDE	AZITHROMYCIN/ERYTHROMYCIN	EXACTX	405	405	100.00	100.00	405	WP_000417519.1	macrolide efflux MFS transporter Mef(A)	NA	NA
118Ap-CMPN001x60_260114_LH00793_B23GCKKLT3	NA	contig00009	36228	38144	-	tet(M)	tetracycline resistance ribosomal protection protein Tet(M)	core	AMR	AMR	TETRACYCLINE	TETRACYCLINE	EXACTX	639	639	100.00	100.00	639	WP_000691727.1	tetracycline resistance ribosomal protection protein Tet(M)	NA	NA
118Ap-CMPN001x60_260114_LH00793_B23GCKKLT3	NA	contig00031	7554	9275	+	tetA(46)	tetracycline efflux ABC transporter Tet(46) subunit A	core	AMR	AMR	TETRACYCLINE	TETRACYCLINE	BLASTX	574	574	100.00	97.91	574	WP_063856469.1	tetracycline efflux ABC transporter Tet(46) subunit A	NA	NA
118Ap-CMPN001x60_260114_LH00793_B23GCKKLT3	NA	contig00031	9280	11010	+	tetB(46)	tetracycline efflux ABC transporter Tet(46) subunit B	core	AMR	AMR	TETRACYCLINE	TETRACYCLINE	BLASTX	577	578	99.83	96.71	577	WP_048717443.1	tetracycline efflux ABC transporter Tet(46) subunit B	NA	NA
118Cim-CMPN001x31_260114_LH00793_B23GCKKLT3	NA	contig00007	93102	93836	-	erm(B)	23S rRNA (adenine(2058)-N(6))-methyltransferase Erm(B)	core	AMR	AMR	LINCOSAMIDE/MACROLIDE/STREPTOGRAMIN	CLINDAMYCIN/ERYTHROMYCIN/STREPTOGRAMIN B	EXACTX	245	245	100.00	100.00	245	WP_001038790.1	23S rRNA (adenine(2058)-N(6))-methyltransferase Erm(B)	NA	NA
118Cim-CMPN001x31_260114_LH00793_B23GCKKLT3	NA	contig00007	94946	96862	-	tet(M)	tetracycline resistance ribosomal protection protein Tet(M)	core	AMR	AMR	TETRACYCLINE	TETRACYCLINE	EXACTX	639	639	100.00	100.00	639	WP_000691736.1	tetracycline resistance ribosomal protection protein Tet(M)	NA	NA
118Pim-CMPN001x45_260114_LH00793_B23GCKKLT3	NA	contig00008	19903	21117	+	mef(A)	macrolide efflux MFS transporter Mef(A)	core	AMR	AMR	MACROLIDE	AZITHROMYCIN/ERYTHROMYCIN	BLASTX	405	405	100.00	99.75	405	WP_000417519.1	macrolide efflux MFS transporter Mef(A)	NA	NA
118Pim-CMPN001x45_260114_LH00793_B23GCKKLT3	NA	contig00008	21240	22700	+	msr(D)	ABC-F type ribosomal protection protein Msr(D)	core	AMR	AMR	MACROLIDE/STREPTOGRAMIN	AZITHROMYCIN/ERYTHROMYCIN/STREPTOGRAMIN B	EXACTX	487	487	100.00	100.00	487	WP_000420313.1	ABC-F type ribosomal protection protein Msr(D)	NA	NA
118Pim-CMPN001x45_260114_LH00793_B23GCKKLT3	NA	contig00011	66454	68370	+	tet(M)	tetracycline resistance ribosomal protection protein Tet(M)	core	AMR	AMR	TETRACYCLINE	TETRACYCLINE	BLASTX	639	639	100.00	99.84	639	WP_000691736.1	tetracycline resistance ribosomal protection protein Tet(M)	NA	NA
118Pim-CMPN001x45_260114_LH00793_B23GCKKLT3	NA	contig00011	69480	70214	+	erm(B)	23S rRNA (adenine(2058)-N(6))-methyltransferase Erm(B)	core	AMR	AMR	LINCOSAMIDE/MACROLIDE/STREPTOGRAMIN	CLINDAMYCIN/ERYTHROMYCIN/STREPTOGRAMIN B	EXACTX	245	245	100.00	100.00	245	WP_001038790.1	23S rRNA (adenine(2058)-N(6))-methyltransferase Erm(B)	NA	NA
118Pp-CMPN001x46_260114_LH00793_B23GCKKLT3	NA	contig00003	71060	72274	+	mef(A)	macrolide efflux MFS transporter Mef(A)	core	AMR	AMR	MACROLIDE	AZITHROMYCIN/ERYTHROMYCIN	EXACTX	405	405	100.00	100.00	405	WP_000417519.1	macrolide efflux MFS transporter Mef(A)	NA	NA
118Pp-CMPN001x46_260114_LH00793_B23GCKKLT3	NA	contig00003	72397	73857	+	msr(D)	ABC-F type ribosomal protection protein Msr(D)	core	AMR	AMR	MACROLIDE/STREPTOGRAMIN	AZITHROMYCIN/ERYTHROMYCIN/STREPTOGRAMIN B	EXACTX	487	487	100.00	100.00	487	WP_000420313.1	ABC-F type ribosomal protection protein Msr(D)	NA	NA
118Pp-CMPN001x46_260114_LH00793_B23GCKKLT3	NA	contig00009	36228	38144	-	tet(M)	tetracycline resistance ribosomal protection protein Tet(M)	core	AMR	AMR	TETRACYCLINE	TETRACYCLINE	EXACTX	639	639	100.00	100.00	639	WP_000691727.1	tetracycline resistance ribosomal protection protein Tet(M)	NA	NA
118Pp-CMPN001x46_260114_LH00793_B23GCKKLT3	NA	contig00031	7554	9275	+	tetA(46)	tetracycline efflux ABC transporter Tet(46) subunit A	core	AMR	AMR	TETRACYCLINE	TETRACYCLINE	BLASTX	574	574	100.00	97.91	574	WP_063856469.1	tetracycline efflux ABC transporter Tet(46) subunit A	NA	NA
118Pp-CMPN001x46_260114_LH00793_B23GCKKLT3	NA	contig00031	9280	11010	+	tetB(46)	tetracycline efflux ABC transporter Tet(46) subunit B	core	AMR	AMR	TETRACYCLINE	TETRACYCLINE	BLASTX	577	578	99.83	96.71	577	WP_048717443.1	tetracycline efflux ABC transporter Tet(46) subunit B	NA	NA
120Cs-CMPN001x32_260114_LH00793_B23GCKKLT3	NA	contig00001	715461	717377	+	tet(M)	tetracycline resistance ribosomal protection protein Tet(M)	core	AMR	AMR	TETRACYCLINE	TETRACYCLINE	EXACTX	639	639	100.00	100.00	639	WP_000691741.1	tetracycline resistance ribosomal protection protein Tet(M)	NA	NA
120Cs-CMPN001x32_260114_LH00793_B23GCKKLT3	NA	contig00001	718489	719223	+	erm(B)	23S rRNA (adenine(2058)-N(6))-methyltransferase Erm(B)	core	AMR	AMR	LINCOSAMIDE/MACROLIDE/STREPTOGRAMIN	CLINDAMYCIN/ERYTHROMYCIN/STREPTOGRAMIN B	EXACTX	245	245	100.00	100.00	245	WP_001038790.1	23S rRNA (adenine(2058)-N(6))-methyltransferase Erm(B)	NA	NA
122Csv-CMPN001x33_260114_LH00793_B23GCKKLT3	NA	contig00004	137947	138681	-	erm(B)	23S rRNA (adenine(2058)-N(6))-methyltransferase Erm(B)	core	AMR	AMR	LINCOSAMIDE/MACROLIDE/STREPTOGRAMIN	CLINDAMYCIN/ERYTHROMYCIN/STREPTOGRAMIN B	EXACTX	245	245	100.00	100.00	245	WP_001038790.1	23S rRNA (adenine(2058)-N(6))-methyltransferase Erm(B)	NA	NA
122Csv-CMPN001x33_260114_LH00793_B23GCKKLT3	NA	contig00004	139791	141707	-	tet(M)	tetracycline resistance ribosomal protection protein Tet(M)	core	AMR	AMR	TETRACYCLINE	TETRACYCLINE	EXACTX	639	639	100.00	100.00	639	WP_000691736.1	tetracycline resistance ribosomal protection protein Tet(M)	NA	NA
123Cs-CMPN001x34_260114_LH00793_B23GCKKLT3	NA	contig00003	111976	112710	-	erm(B)	23S rRNA (adenine(2058)-N(6))-methyltransferase Erm(B)	core	AMR	AMR	LINCOSAMIDE/MACROLIDE/STREPTOGRAMIN	CLINDAMYCIN/ERYTHROMYCIN/STREPTOGRAMIN B	BLASTX	245	245	100.00	99.18	245	WP_001038795.1	23S rRNA (adenine(2058)-N(6))-methyltransferase Erm(B)	NA	NA
123Cs-CMPN001x34_260114_LH00793_B23GCKKLT3	NA	contig00003	114189	116105	-	tet(M)	tetracycline resistance ribosomal protection protein Tet(M)	core	AMR	AMR	TETRACYCLINE	TETRACYCLINE	BLASTX	639	639	100.00	99.69	639	WP_050232631.1	tetracycline resistance ribosomal protection protein Tet(M)	NA	NA
123Pp-CMPN001x47_260114_LH00793_B23GCKKLT3	NA	contig00014	17816	19537	+	tetA(46)	tetracycline efflux ABC transporter Tet(46) subunit A	core	AMR	AMR	TETRACYCLINE	TETRACYCLINE	BLASTX	574	574	100.00	96.86	574	WP_063856469.1	tetracycline efflux ABC transporter Tet(46) subunit A	NA	NA
123Pp-CMPN001x47_260114_LH00793_B23GCKKLT3	NA	contig00014	19542	21272	+	tetB(46)	tetracycline efflux ABC transporter Tet(46) subunit B	core	AMR	AMR	TETRACYCLINE	TETRACYCLINE	BLASTX	577	578	99.83	95.32	577	WP_048717443.1	tetracycline efflux ABC transporter Tet(46) subunit B	NA	NA
124Ap-CMPN001x61_260114_LH00793_B23GCKKLT3	NA	contig00001	65788	67002	+	mef(A)	macrolide efflux MFS transporter Mef(A)	core	AMR	AMR	MACROLIDE	AZITHROMYCIN/ERYTHROMYCIN	EXACTX	405	405	100.00	100.00	405	WP_000417519.1	macrolide efflux MFS transporter Mef(A)	NA	NA
124Ap-CMPN001x61_260114_LH00793_B23GCKKLT3	NA	contig00001	67125	68585	+	msr(D)	ABC-F type ribosomal protection protein Msr(D)	core	AMR	AMR	MACROLIDE/STREPTOGRAMIN	AZITHROMYCIN/ERYTHROMYCIN/STREPTOGRAMIN B	EXACTX	487	487	100.00	100.00	487	WP_000420313.1	ABC-F type ribosomal protection protein Msr(D)	NA	NA
124Ap-CMPN001x61_260114_LH00793_B23GCKKLT3	NA	contig00007	52789	54519	-	tetB(46)	tetracycline efflux ABC transporter Tet(46) subunit B	core	AMR	AMR	TETRACYCLINE	TETRACYCLINE	BLASTX	577	578	99.83	96.71	577	WP_048717443.1	tetracycline efflux ABC transporter Tet(46) subunit B	NA	NA
124Ap-CMPN001x61_260114_LH00793_B23GCKKLT3	NA	contig00007	54524	56245	-	tetA(46)	tetracycline efflux ABC transporter Tet(46) subunit A	core	AMR	AMR	TETRACYCLINE	TETRACYCLINE	BLASTX	574	574	100.00	97.74	574	WP_063856469.1	tetracycline efflux ABC transporter Tet(46) subunit A	NA	NA
127Cs-CMPN001x35_260114_LH00793_B23GCKKLT3	NA	contig00006	73107	73841	-	erm(B)	23S rRNA (adenine(2058)-N(6))-methyltransferase Erm(B)	core	AMR	AMR	LINCOSAMIDE/MACROLIDE/STREPTOGRAMIN	CLINDAMYCIN/ERYTHROMYCIN/STREPTOGRAMIN B	BLASTX	245	245	100.00	99.59	245	WP_001038795.1	23S rRNA (adenine(2058)-N(6))-methyltransferase Erm(B)	NA	NA
127Cs-CMPN001x35_260114_LH00793_B23GCKKLT3	NA	contig00006	74951	76867	-	tet(M)	tetracycline resistance ribosomal protection protein Tet(M)	core	AMR	AMR	TETRACYCLINE	TETRACYCLINE	EXACTX	639	639	100.00	100.00	639	WP_000691727.1	tetracycline resistance ribosomal protection protein Tet(M)	NA	NA
129Cs-CMPN001x36_260114_LH00793_B23GCKKLT3	NA	contig00001	731899	732633	-	erm(B)	23S rRNA (adenine(2058)-N(6))-methyltransferase Erm(B)	core	AMR	AMR	LINCOSAMIDE/MACROLIDE/STREPTOGRAMIN	CLINDAMYCIN/ERYTHROMYCIN/STREPTOGRAMIN B	EXACTX	245	245	100.00	100.00	245	WP_001038790.1	23S rRNA (adenine(2058)-N(6))-methyltransferase Erm(B)	NA	NA
129Cs-CMPN001x36_260114_LH00793_B23GCKKLT3	NA	contig00001	733744	735660	-	tet(M)	tetracycline resistance ribosomal protection protein Tet(M)	core	AMR	AMR	TETRACYCLINE	TETRACYCLINE	BLASTX	639	639	100.00	99.84	639	WP_000691741.1	tetracycline resistance ribosomal protection protein Tet(M)	NA	NA
131As-CMPN001x62_260114_LH00793_B23GCKKLT3	NA	contig00003	92986	94446	-	msr(D)	ABC-F type ribosomal protection protein Msr(D)	core	AMR	AMR	MACROLIDE/STREPTOGRAMIN	AZITHROMYCIN/ERYTHROMYCIN/STREPTOGRAMIN B	EXACTX	487	487	100.00	100.00	487	WP_000420313.1	ABC-F type ribosomal protection protein Msr(D)	NA	NA
131As-CMPN001x62_260114_LH00793_B23GCKKLT3	NA	contig00003	94569	95783	-	mef(A)	macrolide efflux MFS transporter Mef(A)	core	AMR	AMR	MACROLIDE	AZITHROMYCIN/ERYTHROMYCIN	EXACTX	405	405	100.00	100.00	405	WP_000417519.1	macrolide efflux MFS transporter Mef(A)	NA	NA
131Ca-CMPN001x63_260114_LH00793_B23GCKKLT3	NA	contig00003	132937	133671	+	erm(B)	23S rRNA (adenine(2058)-N(6))-methyltransferase Erm(B)	core	AMR	AMR	LINCOSAMIDE/MACROLIDE/STREPTOGRAMIN	CLINDAMYCIN/ERYTHROMYCIN/STREPTOGRAMIN B	EXACTX	245	245	100.00	100.00	245	WP_001038795.1	23S rRNA (adenine(2058)-N(6))-methyltransferase Erm(B)	NA	NA
131Ca-CMPN001x63_260114_LH00793_B23GCKKLT3	NA	contig00003	143592	145508	+	tet(M)	tetracycline resistance ribosomal protection protein Tet(M)	core	AMR	AMR	TETRACYCLINE	TETRACYCLINE	EXACTX	639	639	100.00	100.00	639	WP_004632336.1	tetracycline resistance ribosomal protection protein Tet(M)	NA	NA
131Cm-CMPN001x37_260114_LH00793_B23GCKKLT3	NA	contig00016	15593	17509	+	tet(M)	tetracycline resistance ribosomal protection protein Tet(M)	core	AMR	AMR	TETRACYCLINE	TETRACYCLINE	BLASTX	639	639	100.00	99.84	639	WP_000691743.1	tetracycline resistance ribosomal protection protein Tet(M)	NA	NA
131Cm-CMPN001x37_260114_LH00793_B23GCKKLT3	NA	contig00016	18619	19353	+	erm(B)	23S rRNA (adenine(2058)-N(6))-methyltransferase Erm(B)	core	AMR	AMR	LINCOSAMIDE/MACROLIDE/STREPTOGRAMIN	CLINDAMYCIN/ERYTHROMYCIN/STREPTOGRAMIN B	EXACTX	245	245	100.00	100.00	245	WP_002321849.1	23S rRNA (adenine(2058)-N(6))-methyltransferase Erm(B)	NA	NA
132Cs-CMPN001x38_260114_LH00793_B23GCKKLT3	NA	contig00006	88522	89997	-	lsa(C)	ABC-F type ribosomal protection protein Lsa(C)	core	AMR	AMR	LINCOSAMIDE/STREPTOGRAMIN	LINCOSAMIDE/STREPTOGRAMIN	BLASTX	492	492	100.00	93.29	492	WP_063851347.1	ABC-F type ribosomal protection protein Lsa(C)	NA	NA
132Cs-CMPN001x38_260114_LH00793_B23GCKKLT3	NA	contig00006	103257	105173	+	tet(M)	tetracycline resistance ribosomal protection protein Tet(M)	core	AMR	AMR	TETRACYCLINE	TETRACYCLINE	EXACTX	639	639	100.00	100.00	639	WP_000691727.1	tetracycline resistance ribosomal protection protein Tet(M)	NA	NA
132Cs-CMPN001x38_260114_LH00793_B23GCKKLT3	NA	contig00006	106283	107017	+	erm(B)	23S rRNA (adenine(2058)-N(6))-methyltransferase Erm(B)	core	AMR	AMR	LINCOSAMIDE/MACROLIDE/STREPTOGRAMIN	CLINDAMYCIN/ERYTHROMYCIN/STREPTOGRAMIN B	EXACTX	245	245	100.00	100.00	245	WP_001038790.1	23S rRNA (adenine(2058)-N(6))-methyltransferase Erm(B)	NA	NA
140Ca-CMPN001x64_260114_LH00793_B23GCKKLT3	NA	contig00001	186212	188128	-	tet(32)	tetracycline resistance ribosomal protection protein Tet(32)	core	AMR	AMR	TETRACYCLINE	TETRACYCLINE	EXACTX	639	639	100.00	100.00	639	WP_003505402.1	tetracycline resistance ribosomal protection protein Tet(32)	NA	NA
140Ca-CMPN001x64_260114_LH00793_B23GCKKLT3	NA	contig00003	85272	86006	-	erm(B)	23S rRNA (adenine(2058)-N(6))-methyltransferase Erm(B)	core	AMR	AMR	LINCOSAMIDE/MACROLIDE/STREPTOGRAMIN	CLINDAMYCIN/ERYTHROMYCIN/STREPTOGRAMIN B	EXACTX	245	245	100.00	100.00	245	WP_001038790.1	23S rRNA (adenine(2058)-N(6))-methyltransferase Erm(B)	NA	NA
140Ca-CMPN001x64_260114_LH00793_B23GCKKLT3	NA	contig00003	87118	89034	-	tet(M)	tetracycline resistance ribosomal protection protein Tet(M)	core	AMR	AMR	TETRACYCLINE	TETRACYCLINE	BLASTX	639	639	100.00	99.69	639	WP_000691727.1	tetracycline resistance ribosomal protection protein Tet(M)	NA	NA
140Cp-CMPN001x65_260114_LH00793_B23GCKKLT3	NA	contig00001	351648	353564	+	tet(M)	tetracycline resistance ribosomal protection protein Tet(M)	core	AMR	AMR	TETRACYCLINE	TETRACYCLINE	BLASTX	639	639	100.00	99.69	639	WP_063856403.1	tetracycline resistance ribosomal protection protein Tet(M)	NA	NA
140Cp-CMPN001x65_260114_LH00793_B23GCKKLT3	NA	contig00001	354674	355408	+	erm(B)	23S rRNA (adenine(2058)-N(6))-methyltransferase Erm(B)	core	AMR	AMR	LINCOSAMIDE/MACROLIDE/STREPTOGRAMIN	CLINDAMYCIN/ERYTHROMYCIN/STREPTOGRAMIN B	EXACTX	245	245	100.00	100.00	245	WP_001038790.1	23S rRNA (adenine(2058)-N(6))-methyltransferase Erm(B)	NA	NA
140Cp-CMPN001x65_260114_LH00793_B23GCKKLT3	NA	contig00003	71066	72280	+	mef(A)	macrolide efflux MFS transporter Mef(A)	core	AMR	AMR	MACROLIDE	AZITHROMYCIN/ERYTHROMYCIN	EXACTX	405	405	100.00	100.00	405	WP_000417519.1	macrolide efflux MFS transporter Mef(A)	NA	NA
140Cp-CMPN001x65_260114_LH00793_B23GCKKLT3	NA	contig00003	72403	73863	+	msr(D)	ABC-F type ribosomal protection protein Msr(D)	core	AMR	AMR	MACROLIDE/STREPTOGRAMIN	AZITHROMYCIN/ERYTHROMYCIN/STREPTOGRAMIN B	EXACTX	487	487	100.00	100.00	487	WP_000420313.1	ABC-F type ribosomal protection protein Msr(D)	NA	NA
141Ap-CMPN001x66_260114_LH00793_B23GCKKLT3	NA	contig00004	105468	107189	+	tetA(46)	tetracycline efflux ABC transporter Tet(46) subunit A	core	AMR	AMR	TETRACYCLINE	TETRACYCLINE	BLASTX	574	574	100.00	98.61	574	WP_063856469.1	tetracycline efflux ABC transporter Tet(46) subunit A	NA	NA
141Ap-CMPN001x66_260114_LH00793_B23GCKKLT3	NA	contig00004	107194	108924	+	tetB(46)	tetracycline efflux ABC transporter Tet(46) subunit B	core	AMR	AMR	TETRACYCLINE	TETRACYCLINE	BLASTX	577	578	99.83	95.49	577	WP_048717443.1	tetracycline efflux ABC transporter Tet(46) subunit B	NA	NA
141Ap-CMPN001x66_260114_LH00793_B23GCKKLT3	NA	contig00009	35457	37373	+	tet(M)	tetracycline resistance ribosomal protection protein Tet(M)	core	AMR	AMR	TETRACYCLINE	TETRACYCLINE	EXACTX	639	639	100.00	100.00	639	WP_000691727.1	tetracycline resistance ribosomal protection protein Tet(M)	NA	NA
141Ap-CMPN001x66_260114_LH00793_B23GCKKLT3	NA	contig00009	38483	39217	+	erm(B)	23S rRNA (adenine(2058)-N(6))-methyltransferase Erm(B)	core	AMR	AMR	LINCOSAMIDE/MACROLIDE/STREPTOGRAMIN	CLINDAMYCIN/ERYTHROMYCIN/STREPTOGRAMIN B	EXACTX	245	245	100.00	100.00	245	WP_001038790.1	23S rRNA (adenine(2058)-N(6))-methyltransferase Erm(B)	NA	NA
145Cm-CMPN001x68_260114_LH00793_B23GCKKLT3	NA	contig00009	16135	16869	+	erm(B)	23S rRNA (adenine(2058)-N(6))-methyltransferase Erm(B)	core	AMR	AMR	LINCOSAMIDE/MACROLIDE/STREPTOGRAMIN	CLINDAMYCIN/ERYTHROMYCIN/STREPTOGRAMIN B	EXACTX	245	245	100.00	100.00	245	WP_001038795.1	23S rRNA (adenine(2058)-N(6))-methyltransferase Erm(B)	NA	NA
145Cm-CMPN001x68_260114_LH00793_B23GCKKLT3	NA	contig00009	26787	28703	+	tet(M)	tetracycline resistance ribosomal protection protein Tet(M)	core	AMR	AMR	TETRACYCLINE	TETRACYCLINE	BLASTX	639	639	100.00	99.84	639	WP_000691743.1	tetracycline resistance ribosomal protection protein Tet(M)	NA	NA
145Csv-CMPN001x67_260114_LH00793_B23GCKKLT3	NA	contig00010	16135	16869	+	erm(B)	23S rRNA (adenine(2058)-N(6))-methyltransferase Erm(B)	core	AMR	AMR	LINCOSAMIDE/MACROLIDE/STREPTOGRAMIN	CLINDAMYCIN/ERYTHROMYCIN/STREPTOGRAMIN B	EXACTX	245	245	100.00	100.00	245	WP_001038795.1	23S rRNA (adenine(2058)-N(6))-methyltransferase Erm(B)	NA	NA
145Csv-CMPN001x67_260114_LH00793_B23GCKKLT3	NA	contig00010	26787	28703	+	tet(M)	tetracycline resistance ribosomal protection protein Tet(M)	core	AMR	AMR	TETRACYCLINE	TETRACYCLINE	BLASTX	639	639	100.00	99.84	639	WP_000691743.1	tetracycline resistance ribosomal protection protein Tet(M)	NA	NA
146Pp-CMPN001x69_260114_LH00793_B23GCKKLT3	NA	contig00001	17173	18633	-	msr(D)	ABC-F type ribosomal protection protein Msr(D)	core	AMR	AMR	MACROLIDE/STREPTOGRAMIN	AZITHROMYCIN/ERYTHROMYCIN/STREPTOGRAMIN B	EXACTX	487	487	100.00	100.00	487	WP_000420313.1	ABC-F type ribosomal protection protein Msr(D)	NA	NA
146Pp-CMPN001x69_260114_LH00793_B23GCKKLT3	NA	contig00001	18756	19970	-	mef(A)	macrolide efflux MFS transporter Mef(A)	core	AMR	AMR	MACROLIDE	AZITHROMYCIN/ERYTHROMYCIN	EXACTX	405	405	100.00	100.00	405	WP_000417519.1	macrolide efflux MFS transporter Mef(A)	NA	NA
146Pp-CMPN001x69_260114_LH00793_B23GCKKLT3	NA	contig00001	319836	321569	-	tetB(46)	tetracycline efflux ABC transporter Tet(46) subunit B	core	AMR	AMR	TETRACYCLINE	TETRACYCLINE	BLASTX	578	578	100.00	97.40	578	WP_048717443.1	tetracycline efflux ABC transporter Tet(46) subunit B	NA	NA
146Pp-CMPN001x69_260114_LH00793_B23GCKKLT3	NA	contig00001	321574	323295	-	tetA(46)	tetracycline efflux ABC transporter Tet(46) subunit A	core	AMR	AMR	TETRACYCLINE	TETRACYCLINE	BLASTX	574	574	100.00	99.48	574	WP_063856469.1	tetracycline efflux ABC transporter Tet(46) subunit A	NA	NA
146Pp-CMPN001x69_260114_LH00793_B23GCKKLT3	NA	contig00005	39967	41883	-	tet(M)	tetracycline resistance ribosomal protection protein Tet(M)	core	AMR	AMR	TETRACYCLINE	TETRACYCLINE	EXACTX	639	639	100.00	100.00	639	WP_000691727.1	tetracycline resistance ribosomal protection protein Tet(M)	NA	NA
148Cm-CMPN001x70_260114_LH00793_B23GCKKLT3	NA	contig00012	9571	10305	+	erm(B)	23S rRNA (adenine(2058)-N(6))-methyltransferase Erm(B)	core	AMR	AMR	LINCOSAMIDE/MACROLIDE/STREPTOGRAMIN	CLINDAMYCIN/ERYTHROMYCIN/STREPTOGRAMIN B	EXACTX	245	245	100.00	100.00	245	WP_001038795.1	23S rRNA (adenine(2058)-N(6))-methyltransferase Erm(B)	NA	NA
148Cm-CMPN001x70_260114_LH00793_B23GCKKLT3	NA	contig00012	20223	22139	+	tet(M)	tetracycline resistance ribosomal protection protein Tet(M)	core	AMR	AMR	TETRACYCLINE	TETRACYCLINE	BLASTX	639	639	100.00	99.84	639	WP_000691736.1	tetracycline resistance ribosomal protection protein Tet(M)	NA	NA
149Ap-CMPN001x71_260114_LH00793_B23GCKKLT3	NA	contig00001	146244	147974	-	tetB(46)	tetracycline efflux ABC transporter Tet(46) subunit B	core	AMR	AMR	TETRACYCLINE	TETRACYCLINE	BLASTX	577	578	99.83	96.36	577	WP_048717443.1	tetracycline efflux ABC transporter Tet(46) subunit B	NA	NA
149Ap-CMPN001x71_260114_LH00793_B23GCKKLT3	NA	contig00001	147979	149700	-	tetA(46)	tetracycline efflux ABC transporter Tet(46) subunit A	core	AMR	AMR	TETRACYCLINE	TETRACYCLINE	BLASTX	574	574	100.00	97.56	574	WP_063856469.1	tetracycline efflux ABC transporter Tet(46) subunit A	NA	NA
149Ap-CMPN001x71_260114_LH00793_B23GCKKLT3	NA	contig00002	257336	258796	-	msr(D)	ABC-F type ribosomal protection protein Msr(D)	core	AMR	AMR	MACROLIDE/STREPTOGRAMIN	AZITHROMYCIN/ERYTHROMYCIN/STREPTOGRAMIN B	EXACTX	487	487	100.00	100.00	487	WP_000420313.1	ABC-F type ribosomal protection protein Msr(D)	NA	NA
149Ap-CMPN001x71_260114_LH00793_B23GCKKLT3	NA	contig00002	258919	260133	-	mef(A)	macrolide efflux MFS transporter Mef(A)	core	AMR	AMR	MACROLIDE	AZITHROMYCIN/ERYTHROMYCIN	EXACTX	405	405	100.00	100.00	405	WP_000417519.1	macrolide efflux MFS transporter Mef(A)	NA	NA
149Cc-CMPN001x73_260114_LH00793_B23GCKKLT3	NA	contig00005	79458	81374	+	tet(M)	tetracycline resistance ribosomal protection protein Tet(M)	core	AMR	AMR	TETRACYCLINE	TETRACYCLINE	BLASTX	639	639	100.00	98.59	639	WP_000691736.1	tetracycline resistance ribosomal protection protein Tet(M)	NA	NA
149Cc-CMPN001x73_260114_LH00793_B23GCKKLT3	NA	contig00005	82486	83220	+	erm(B)	23S rRNA (adenine(2058)-N(6))-methyltransferase Erm(B)	core	AMR	AMR	LINCOSAMIDE/MACROLIDE/STREPTOGRAMIN	CLINDAMYCIN/ERYTHROMYCIN/STREPTOGRAMIN B	EXACTX	245	245	100.00	100.00	245	WP_001038790.1	23S rRNA (adenine(2058)-N(6))-methyltransferase Erm(B)	NA	NA
150Cp-CMPN001x74_260114_LH00793_B23GCKKLT3	NA	contig00006	108976	110697	+	tetA(46)	tetracycline efflux ABC transporter Tet(46) subunit A	core	AMR	AMR	TETRACYCLINE	TETRACYCLINE	BLASTX	574	574	100.00	97.56	574	WP_063856469.1	tetracycline efflux ABC transporter Tet(46) subunit A	NA	NA
150Cp-CMPN001x74_260114_LH00793_B23GCKKLT3	NA	contig00006	110702	112432	+	tetB(46)	tetracycline efflux ABC transporter Tet(46) subunit B	core	AMR	AMR	TETRACYCLINE	TETRACYCLINE	BLASTX	577	578	99.83	95.84	577	WP_048717443.1	tetracycline efflux ABC transporter Tet(46) subunit B	NA	NA
150Cp-CMPN001x74_260114_LH00793_B23GCKKLT3	NA	contig00011	81881	83797	+	tet(M)	tetracycline resistance ribosomal protection protein Tet(M)	core	AMR	AMR	TETRACYCLINE	TETRACYCLINE	BLASTX	639	639	100.00	99.53	639	WP_063856403.1	tetracycline resistance ribosomal protection protein Tet(M)	NA	NA
150Cp-CMPN001x74_260114_LH00793_B23GCKKLT3	NA	contig00024	25627	26361	-	erm(B)	23S rRNA (adenine(2058)-N(6))-methyltransferase Erm(B)	core	AMR	AMR	LINCOSAMIDE/MACROLIDE/STREPTOGRAMIN	CLINDAMYCIN/ERYTHROMYCIN/STREPTOGRAMIN B	BLASTX	245	245	100.00	99.59	245	WP_001038795.1	23S rRNA (adenine(2058)-N(6))-methyltransferase Erm(B)	NA	NA
151Cm-CMPN001x75_260114_LH00793_B23GCKKLT3	NA	contig00004	32540	34456	+	tet(M)	tetracycline resistance ribosomal protection protein Tet(M)	core	AMR	AMR	TETRACYCLINE	TETRACYCLINE	EXACTX	639	639	100.00	100.00	639	WP_000691736.1	tetracycline resistance ribosomal protection protein Tet(M)	NA	NA
151Cm-CMPN001x75_260114_LH00793_B23GCKKLT3	NA	contig00004	35566	36300	+	erm(B)	23S rRNA (adenine(2058)-N(6))-methyltransferase Erm(B)	core	AMR	AMR	LINCOSAMIDE/MACROLIDE/STREPTOGRAMIN	CLINDAMYCIN/ERYTHROMYCIN/STREPTOGRAMIN B	EXACTX	245	245	100.00	100.00	245	WP_001038790.1	23S rRNA (adenine(2058)-N(6))-methyltransferase Erm(B)	NA	NA
155Cvs-CMPN001x76_260114_LH00793_B23GCKKLT3	NA	contig00001	173048	174262	+	mef(A)	macrolide efflux MFS transporter Mef(A)	core	AMR	AMR	MACROLIDE	AZITHROMYCIN/ERYTHROMYCIN	EXACTX	405	405	100.00	100.00	405	WP_000417519.1	macrolide efflux MFS transporter Mef(A)	NA	NA
155Cvs-CMPN001x76_260114_LH00793_B23GCKKLT3	NA	contig00001	174385	175845	+	msr(D)	ABC-F type ribosomal protection protein Msr(D)	core	AMR	AMR	MACROLIDE/STREPTOGRAMIN	AZITHROMYCIN/ERYTHROMYCIN/STREPTOGRAMIN B	EXACTX	487	487	100.00	100.00	487	WP_000420313.1	ABC-F type ribosomal protection protein Msr(D)	NA	NA
155Cvs-CMPN001x76_260114_LH00793_B23GCKKLT3	NA	contig00007	62701	64617	+	tet(M)	tetracycline resistance ribosomal protection protein Tet(M)	core	AMR	AMR	TETRACYCLINE	TETRACYCLINE	EXACTX	639	639	100.00	100.00	639	WP_000691727.1	tetracycline resistance ribosomal protection protein Tet(M)	NA	NA
155Cvs-CMPN001x76_260114_LH00793_B23GCKKLT3	NA	contig00007	65727	66461	+	erm(B)	23S rRNA (adenine(2058)-N(6))-methyltransferase Erm(B)	core	AMR	AMR	LINCOSAMIDE/MACROLIDE/STREPTOGRAMIN	CLINDAMYCIN/ERYTHROMYCIN/STREPTOGRAMIN B	EXACTX	245	245	100.00	100.00	245	WP_001038790.1	23S rRNA (adenine(2058)-N(6))-methyltransferase Erm(B)	NA	NA
160Ap-CMPN001x77_260114_LH00793_B23GCKKLT3	NA	contig00001	510977	512191	+	mef(A)	macrolide efflux MFS transporter Mef(A)	core	AMR	AMR	MACROLIDE	AZITHROMYCIN/ERYTHROMYCIN	EXACTX	405	405	100.00	100.00	405	WP_000417519.1	macrolide efflux MFS transporter Mef(A)	NA	NA
160Ap-CMPN001x77_260114_LH00793_B23GCKKLT3	NA	contig00001	512314	513774	+	msr(D)	ABC-F type ribosomal protection protein Msr(D)	core	AMR	AMR	MACROLIDE/STREPTOGRAMIN	AZITHROMYCIN/ERYTHROMYCIN/STREPTOGRAMIN B	BLASTX	487	487	100.00	99.79	487	WP_000420313.1	ABC-F type ribosomal protection protein Msr(D)	NA	NA
160Ap-CMPN001x77_260114_LH00793_B23GCKKLT3	NA	contig00003	10306	12036	-	tetB(46)	tetracycline efflux ABC transporter Tet(46) subunit B	core	AMR	AMR	TETRACYCLINE	TETRACYCLINE	BLASTX	577	578	99.83	95.32	577	WP_048717443.1	tetracycline efflux ABC transporter Tet(46) subunit B	NA	NA
160Ap-CMPN001x77_260114_LH00793_B23GCKKLT3	NA	contig00003	12041	13762	-	tetA(46)	tetracycline efflux ABC transporter Tet(46) subunit A	core	AMR	AMR	TETRACYCLINE	TETRACYCLINE	BLASTX	574	574	100.00	96.86	574	WP_063856469.1	tetracycline efflux ABC transporter Tet(46) subunit A	NA	NA
55Csv-CMPN001x05_260114_LH00793_B23GCKKLT3	NA	contig00007	15167	15901	-	erm(B)	23S rRNA (adenine(2058)-N(6))-methyltransferase Erm(B)	core	AMR	AMR	LINCOSAMIDE/MACROLIDE/STREPTOGRAMIN	CLINDAMYCIN/ERYTHROMYCIN/STREPTOGRAMIN B	EXACTX	245	245	100.00	100.00	245	WP_001038790.1	23S rRNA (adenine(2058)-N(6))-methyltransferase Erm(B)	NA	NA
55Csv-CMPN001x05_260114_LH00793_B23GCKKLT3	NA	contig00007	17011	18927	-	tet(M)	tetracycline resistance ribosomal protection protein Tet(M)	core	AMR	AMR	TETRACYCLINE	TETRACYCLINE	EXACTX	639	639	100.00	100.00	639	WP_000691736.1	tetracycline resistance ribosomal protection protein Tet(M)	NA	NA
91Csv-CMPN001x13_260114_LH00793_B23GCKKLT3	NA	contig00004	125016	126230	+	mef(A)	macrolide efflux MFS transporter Mef(A)	core	AMR	AMR	MACROLIDE	AZITHROMYCIN/ERYTHROMYCIN	EXACTX	405	405	100.00	100.00	405	WP_000417519.1	macrolide efflux MFS transporter Mef(A)	NA	NA
91Csv-CMPN001x13_260114_LH00793_B23GCKKLT3	NA	contig00004	126353	127813	+	msr(D)	ABC-F type ribosomal protection protein Msr(D)	core	AMR	AMR	MACROLIDE/STREPTOGRAMIN	AZITHROMYCIN/ERYTHROMYCIN/STREPTOGRAMIN B	BLASTX	487	487	100.00	99.79	487	WP_000420313.1	ABC-F type ribosomal protection protein Msr(D)	NA	NA
91Csv-CMPN001x13_260114_LH00793_B23GCKKLT3	NA	contig00005	56471	58387	+	tet(M)	tetracycline resistance ribosomal protection protein Tet(M)	core	AMR	AMR	TETRACYCLINE	TETRACYCLINE	EXACTX	639	639	100.00	100.00	639	WP_000691727.1	tetracycline resistance ribosomal protection protein Tet(M)	NA	NA
91Csv-CMPN001x13_260114_LH00793_B23GCKKLT3	NA	contig00005	59497	60231	+	erm(B)	23S rRNA (adenine(2058)-N(6))-methyltransferase Erm(B)	core	AMR	AMR	LINCOSAMIDE/MACROLIDE/STREPTOGRAMIN	CLINDAMYCIN/ERYTHROMYCIN/STREPTOGRAMIN B	EXACTX	245	245	100.00	100.00	245	WP_001038790.1	23S rRNA (adenine(2058)-N(6))-methyltransferase Erm(B)	NA	NA
97Csv-CMPN001x17_260114_LH00793_B23GCKKLT3	NA	contig00004	125024	126238	+	mef(A)	macrolide efflux MFS transporter Mef(A)	core	AMR	AMR	MACROLIDE	AZITHROMYCIN/ERYTHROMYCIN	EXACTX	405	405	100.00	100.00	405	WP_000417519.1	macrolide efflux MFS transporter Mef(A)	NA	NA
97Csv-CMPN001x17_260114_LH00793_B23GCKKLT3	NA	contig00004	126361	127821	+	msr(D)	ABC-F type ribosomal protection protein Msr(D)	core	AMR	AMR	MACROLIDE/STREPTOGRAMIN	AZITHROMYCIN/ERYTHROMYCIN/STREPTOGRAMIN B	BLASTX	487	487	100.00	99.79	487	WP_000420313.1	ABC-F type ribosomal protection protein Msr(D)	NA	NA
97Csv-CMPN001x17_260114_LH00793_B23GCKKLT3	NA	contig00005	133514	134248	-	erm(B)	23S rRNA (adenine(2058)-N(6))-methyltransferase Erm(B)	core	AMR	AMR	LINCOSAMIDE/MACROLIDE/STREPTOGRAMIN	CLINDAMYCIN/ERYTHROMYCIN/STREPTOGRAMIN B	EXACTX	245	245	100.00	100.00	245	WP_001038790.1	23S rRNA (adenine(2058)-N(6))-methyltransferase Erm(B)	NA	NA
97Csv-CMPN001x17_260114_LH00793_B23GCKKLT3	NA	contig00005	135358	137274	-	tet(M)	tetracycline resistance ribosomal protection protein Tet(M)	core	AMR	AMR	TETRACYCLINE	TETRACYCLINE	EXACTX	639	639	100.00	100.00	639	WP_000691727.1	tetracycline resistance ribosomal protection protein Tet(M)	NA	NA
97Csv-CMPN001x17_260114_LH00793_B23GCKKLT3	NA	contig00005	150526	152001	+	lsa(C)	ABC-F type ribosomal protection protein Lsa(C)	core	AMR	AMR	LINCOSAMIDE/STREPTOGRAMIN	LINCOSAMIDE/STREPTOGRAMIN	BLASTX	492	492	100.00	93.29	492	WP_063851347.1	ABC-F type ribosomal protection protein Lsa(C)	NA	NA
98Cap-CMPN001x19_260114_LH00793_B23GCKKLT3	NA	contig00001	628427	629887	-	msr(D)	ABC-F type ribosomal protection protein Msr(D)	core	AMR	AMR	MACROLIDE/STREPTOGRAMIN	AZITHROMYCIN/ERYTHROMYCIN/STREPTOGRAMIN B	EXACTX	487	487	100.00	100.00	487	WP_000420313.1	ABC-F type ribosomal protection protein Msr(D)	NA	NA
98Cap-CMPN001x19_260114_LH00793_B23GCKKLT3	NA	contig00001	630010	631224	-	mef(A)	macrolide efflux MFS transporter Mef(A)	core	AMR	AMR	MACROLIDE	AZITHROMYCIN/ERYTHROMYCIN	EXACTX	405	405	100.00	100.00	405	WP_000417519.1	macrolide efflux MFS transporter Mef(A)	NA	NA
98Cap-CMPN001x19_260114_LH00793_B23GCKKLT3	NA	contig00001	833774	834508	-	erm(B)	23S rRNA (adenine(2058)-N(6))-methyltransferase Erm(B)	core	AMR	AMR	LINCOSAMIDE/MACROLIDE/STREPTOGRAMIN	CLINDAMYCIN/ERYTHROMYCIN/STREPTOGRAMIN B	BLASTX	245	245	100.00	99.59	245	WP_001038795.1	23S rRNA (adenine(2058)-N(6))-methyltransferase Erm(B)	NA	NA
98Cap-CMPN001x19_260114_LH00793_B23GCKKLT3	NA	contig00001	835618	837534	-	tet(M)	tetracycline resistance ribosomal protection protein Tet(M)	core	AMR	AMR	TETRACYCLINE	TETRACYCLINE	BLASTX	639	639	100.00	99.84	639	WP_000691743.1	tetracycline resistance ribosomal protection protein Tet(M)	NA	NA
98Cap-CMPN001x19_260114_LH00793_B23GCKKLT3	NA	contig00001	898842	900575	-	tetB(46)	tetracycline efflux ABC transporter Tet(46) subunit B	core	AMR	AMR	TETRACYCLINE	TETRACYCLINE	BLASTX	578	578	100.00	94.81	578	WP_048717443.1	tetracycline efflux ABC transporter Tet(46) subunit B	NA	NA
98Cap-CMPN001x19_260114_LH00793_B23GCKKLT3	NA	contig00001	900580	902301	-	tetA(46)	tetracycline efflux ABC transporter Tet(46) subunit A	core	AMR	AMR	TETRACYCLINE	TETRACYCLINE	BLASTX	574	574	100.00	95.47	574	WP_063856469.1	tetracycline efflux ABC transporter Tet(46) subunit A	NA	NA
