Genome	Species	Protein id	Contig id	Start	Stop	Strand	Element symbol	Element name	Scope	Type	Subtype	Class	Subclass	Method	Target length	Reference sequence length	% Coverage of reference	% Identity to reference	Alignment length	Closest reference accession	Closest reference name	HMM accession	HMM description
SAMEA3882114	gordonii	NA	SAMEA3882114.contig00002	508644	509858	+	mef(A)	macrolide efflux MFS transporter Mef(A)	core	AMR	AMR	MACROLIDE	AZITHROMYCIN/ERYTHROMYCIN	BLASTX	405	405	100.00	99.75	405	WP_000417519.1	macrolide efflux MFS transporter Mef(A)	NA	NA
SAMEA3882114	gordonii	NA	SAMEA3882114.contig00002	509981	511441	+	msr(D)	ABC-F type ribosomal protection protein Msr(D)	core	AMR	AMR	MACROLIDE/STREPTOGRAMIN	AZITHROMYCIN/ERYTHROMYCIN/STREPTOGRAMIN B	EXACTX	487	487	100.00	100.00	487	WP_000420313.1	ABC-F type ribosomal protection protein Msr(D)	NA	NA
SAMEA3919118	gordonii	NA	SAMEA3919118.contig00008	61443	62174	-	erm(C)	23S rRNA (adenine(2058)-N(6))-methyltransferase Erm(C)	core	AMR	AMR	LINCOSAMIDE/MACROLIDE/STREPTOGRAMIN	CLINDAMYCIN/ERYTHROMYCIN/STREPTOGRAMIN B/TYLOSIN	EXACTX	244	244	100.00	100.00	244	WP_007410443.1	23S rRNA (adenine(2058)-N(6))-methyltransferase Erm(C)	NA	NA
SAMEA4929458	gordonii	NA	SAMEA4929458.contig00001	373697	375157	-	msr(D)	ABC-F type ribosomal protection protein Msr(D)	core	AMR	AMR	MACROLIDE/STREPTOGRAMIN	AZITHROMYCIN/ERYTHROMYCIN/STREPTOGRAMIN B	EXACTX	487	487	100.00	100.00	487	WP_000420313.1	ABC-F type ribosomal protection protein Msr(D)	NA	NA
SAMEA4929458	gordonii	NA	SAMEA4929458.contig00001	375280	376494	-	mef(A)	macrolide efflux MFS transporter Mef(A)	core	AMR	AMR	MACROLIDE	AZITHROMYCIN/ERYTHROMYCIN	EXACTX	405	405	100.00	100.00	405	WP_000417519.1	macrolide efflux MFS transporter Mef(A)	NA	NA
SAMEA5192251	gordonii	NA	SAMEA5192251.contig00004	30731	32191	-	msr(D)	ABC-F type ribosomal protection protein Msr(D)	core	AMR	AMR	MACROLIDE/STREPTOGRAMIN	AZITHROMYCIN/ERYTHROMYCIN/STREPTOGRAMIN B	EXACTX	487	487	100.00	100.00	487	WP_000420313.1	ABC-F type ribosomal protection protein Msr(D)	NA	NA
SAMEA5192251	gordonii	NA	SAMEA5192251.contig00004	32314	33528	-	mef(A)	macrolide efflux MFS transporter Mef(A)	core	AMR	AMR	MACROLIDE	AZITHROMYCIN/ERYTHROMYCIN	EXACTX	405	405	100.00	100.00	405	WP_000417519.1	macrolide efflux MFS transporter Mef(A)	NA	NA
SAMEA5192252	gordonii	NA	SAMEA5192252.contig00001	170885	172099	+	mef(A)	macrolide efflux MFS transporter Mef(A)	core	AMR	AMR	MACROLIDE	AZITHROMYCIN/ERYTHROMYCIN	EXACTX	405	405	100.00	100.00	405	WP_000417519.1	macrolide efflux MFS transporter Mef(A)	NA	NA
SAMEA5192252	gordonii	NA	SAMEA5192252.contig00001	172222	173682	+	msr(D)	ABC-F type ribosomal protection protein Msr(D)	core	AMR	AMR	MACROLIDE/STREPTOGRAMIN	AZITHROMYCIN/ERYTHROMYCIN/STREPTOGRAMIN B	EXACTX	487	487	100.00	100.00	487	WP_000420313.1	ABC-F type ribosomal protection protein Msr(D)	NA	NA
SAMEA5192253	gordonii	NA	SAMEA5192253.contig00004	184690	185904	+	mef(A)	macrolide efflux MFS transporter Mef(A)	core	AMR	AMR	MACROLIDE	AZITHROMYCIN/ERYTHROMYCIN	EXACTX	405	405	100.00	100.00	405	WP_000417519.1	macrolide efflux MFS transporter Mef(A)	NA	NA
SAMEA5192253	gordonii	NA	SAMEA5192253.contig00004	186027	187487	+	msr(D)	ABC-F type ribosomal protection protein Msr(D)	core	AMR	AMR	MACROLIDE/STREPTOGRAMIN	AZITHROMYCIN/ERYTHROMYCIN/STREPTOGRAMIN B	EXACTX	487	487	100.00	100.00	487	WP_000420313.1	ABC-F type ribosomal protection protein Msr(D)	NA	NA
SAMEA5192262	gordonii	NA	SAMEA5192262.contig00011	42877	43902	+	tet(M)	tetracycline resistance ribosomal protection protein Tet(M)	core	AMR	AMR	TETRACYCLINE	TETRACYCLINE	INTERNAL_STOP	342	639	53.52	98.25	342	WP_000691741.1	tetracycline resistance ribosomal protection protein Tet(M)	NA	NA
SAMEA5192262	gordonii	NA	SAMEA5192262.contig00011	45902	46636	+	erm(B)	23S rRNA (adenine(2058)-N(6))-methyltransferase Erm(B)	core	AMR	AMR	LINCOSAMIDE/MACROLIDE/STREPTOGRAMIN	CLINDAMYCIN/ERYTHROMYCIN/STREPTOGRAMIN B	EXACTX	245	245	100.00	100.00	245	WP_001038790.1	23S rRNA (adenine(2058)-N(6))-methyltransferase Erm(B)	NA	NA
SAMEA5192264	gordonii	NA	SAMEA5192264.contig00003	278142	280058	+	tet(M)	tetracycline resistance ribosomal protection protein Tet(M)	core	AMR	AMR	TETRACYCLINE	TETRACYCLINE	EXACTX	639	639	100.00	100.00	639	WP_002414694.1	tetracycline resistance ribosomal protection protein Tet(M)	NA	NA
SAMEA5192265	gordonii	NA	SAMEA5192265.contig00001	332086	333300	+	mef(A)	macrolide efflux MFS transporter Mef(A)	core	AMR	AMR	MACROLIDE	AZITHROMYCIN/ERYTHROMYCIN	EXACTX	405	405	100.00	100.00	405	WP_000417519.1	macrolide efflux MFS transporter Mef(A)	NA	NA
SAMEA5192265	gordonii	NA	SAMEA5192265.contig00001	333423	334883	+	msr(D)	ABC-F type ribosomal protection protein Msr(D)	core	AMR	AMR	MACROLIDE/STREPTOGRAMIN	AZITHROMYCIN/ERYTHROMYCIN/STREPTOGRAMIN B	EXACTX	487	487	100.00	100.00	487	WP_000420313.1	ABC-F type ribosomal protection protein Msr(D)	NA	NA
SAMEA5192266	gordonii	NA	SAMEA5192266.contig00004	216187	218103	-	tet(M)	tetracycline resistance ribosomal protection protein Tet(M)	core	AMR	AMR	TETRACYCLINE	TETRACYCLINE	BLASTX	639	639	100.00	99.84	639	WP_002414694.1	tetracycline resistance ribosomal protection protein Tet(M)	NA	NA
SAMEA5390902	gordonii	NA	SAMEA5390902.contig00001	277290	279206	+	tet(M)	tetracycline resistance ribosomal protection protein Tet(M)	core	AMR	AMR	TETRACYCLINE	TETRACYCLINE	EXACTX	639	639	100.00	100.00	639	WP_002414694.1	tetracycline resistance ribosomal protection protein Tet(M)	NA	NA
SAMEA5390913	gordonii	NA	SAMEA5390913.contig00001	277041	278957	+	tet(M)	tetracycline resistance ribosomal protection protein Tet(M)	core	AMR	AMR	TETRACYCLINE	TETRACYCLINE	EXACTX	639	639	100.00	100.00	639	WP_002414694.1	tetracycline resistance ribosomal protection protein Tet(M)	NA	NA
SAMN03197981	gordonii	NA	SAMN03197981.contig00003	156576	158492	-	tet(M)	tetracycline resistance ribosomal protection protein Tet(M)	core	AMR	AMR	TETRACYCLINE	TETRACYCLINE	BLASTX	639	639	100.00	99.84	639	WP_002414694.1	tetracycline resistance ribosomal protection protein Tet(M)	NA	NA
SAMN04477596	gordonii	NA	SAMN04477596.contig00002	66857	68773	-	tet(M)	tetracycline resistance ribosomal protection protein Tet(M)	core	AMR	AMR	TETRACYCLINE	TETRACYCLINE	EXACTX	639	639	100.00	100.00	639	WP_000691736.1	tetracycline resistance ribosomal protection protein Tet(M)	NA	NA
SAMN04477596	gordonii	NA	SAMN04477596.contig00015	693	1907	+	mef(A)	macrolide efflux MFS transporter Mef(A)	core	AMR	AMR	MACROLIDE	AZITHROMYCIN/ERYTHROMYCIN	EXACTX	405	405	100.00	100.00	405	WP_000417519.1	macrolide efflux MFS transporter Mef(A)	NA	NA
SAMN04477596	gordonii	NA	SAMN04477596.contig00015	2030	3490	+	msr(D)	ABC-F type ribosomal protection protein Msr(D)	core	AMR	AMR	MACROLIDE/STREPTOGRAMIN	AZITHROMYCIN/ERYTHROMYCIN/STREPTOGRAMIN B	EXACTX	487	487	100.00	100.00	487	WP_000420313.1	ABC-F type ribosomal protection protein Msr(D)	NA	NA
SAMN04875583	gordonii	NA	SAMN04875583.contig00002	524113	525327	+	mef(A)	macrolide efflux MFS transporter Mef(A)	core	AMR	AMR	MACROLIDE	AZITHROMYCIN/ERYTHROMYCIN	EXACTX	405	405	100.00	100.00	405	WP_000417519.1	macrolide efflux MFS transporter Mef(A)	NA	NA
SAMN04875583	gordonii	NA	SAMN04875583.contig00002	525450	526910	+	msr(D)	ABC-F type ribosomal protection protein Msr(D)	core	AMR	AMR	MACROLIDE/STREPTOGRAMIN	AZITHROMYCIN/ERYTHROMYCIN/STREPTOGRAMIN B	EXACTX	487	487	100.00	100.00	487	WP_000420313.1	ABC-F type ribosomal protection protein Msr(D)	NA	NA
SAMN09631702	gordonii	NA	SAMN09631702.contig00029	4626	6086	-	msr(D)	ABC-F type ribosomal protection protein Msr(D)	core	AMR	AMR	MACROLIDE/STREPTOGRAMIN	AZITHROMYCIN/ERYTHROMYCIN/STREPTOGRAMIN B	EXACTX	487	487	100.00	100.00	487	WP_000420313.1	ABC-F type ribosomal protection protein Msr(D)	NA	NA
SAMN09631702	gordonii	NA	SAMN09631702.contig00029	6209	7423	-	mef(A)	macrolide efflux MFS transporter Mef(A)	core	AMR	AMR	MACROLIDE	AZITHROMYCIN/ERYTHROMYCIN	EXACTX	405	405	100.00	100.00	405	WP_000417519.1	macrolide efflux MFS transporter Mef(A)	NA	NA
SAMN09631706	gordonii	NA	SAMN09631706.contig00012	13616	15532	-	tet(M)	tetracycline resistance ribosomal protection protein Tet(M)	core	AMR	AMR	TETRACYCLINE	TETRACYCLINE	EXACTX	639	639	100.00	100.00	639	WP_000691736.1	tetracycline resistance ribosomal protection protein Tet(M)	NA	NA
SAMN09631706	gordonii	NA	SAMN09631706.contig00028	8237	9451	+	mef(A)	macrolide efflux MFS transporter Mef(A)	core	AMR	AMR	MACROLIDE	AZITHROMYCIN/ERYTHROMYCIN	EXACTX	405	405	100.00	100.00	405	WP_000417519.1	macrolide efflux MFS transporter Mef(A)	NA	NA
SAMN09631706	gordonii	NA	SAMN09631706.contig00028	9574	11034	+	msr(D)	ABC-F type ribosomal protection protein Msr(D)	core	AMR	AMR	MACROLIDE/STREPTOGRAMIN	AZITHROMYCIN/ERYTHROMYCIN/STREPTOGRAMIN B	EXACTX	487	487	100.00	100.00	487	WP_000420313.1	ABC-F type ribosomal protection protein Msr(D)	NA	NA
SAMN09631709	gordonii	NA	SAMN09631709.contig00014	5784	7244	-	msr(D)	ABC-F type ribosomal protection protein Msr(D)	core	AMR	AMR	MACROLIDE/STREPTOGRAMIN	AZITHROMYCIN/ERYTHROMYCIN/STREPTOGRAMIN B	EXACTX	487	487	100.00	100.00	487	WP_000420313.1	ABC-F type ribosomal protection protein Msr(D)	NA	NA
SAMN09631709	gordonii	NA	SAMN09631709.contig00014	7367	8581	-	mef(A)	macrolide efflux MFS transporter Mef(A)	core	AMR	AMR	MACROLIDE	AZITHROMYCIN/ERYTHROMYCIN	EXACTX	405	405	100.00	100.00	405	WP_000417519.1	macrolide efflux MFS transporter Mef(A)	NA	NA
SAMN09631713	gordonii	NA	SAMN09631713.contig00001	73959	75419	-	msr(D)	ABC-F type ribosomal protection protein Msr(D)	core	AMR	AMR	MACROLIDE/STREPTOGRAMIN	AZITHROMYCIN/ERYTHROMYCIN/STREPTOGRAMIN B	EXACTX	487	487	100.00	100.00	487	WP_000420313.1	ABC-F type ribosomal protection protein Msr(D)	NA	NA
SAMN09631713	gordonii	NA	SAMN09631713.contig00001	75542	76756	-	mef(A)	macrolide efflux MFS transporter Mef(A)	core	AMR	AMR	MACROLIDE	AZITHROMYCIN/ERYTHROMYCIN	EXACTX	405	405	100.00	100.00	405	WP_000417519.1	macrolide efflux MFS transporter Mef(A)	NA	NA
SAMN09631714	gordonii	NA	SAMN09631714.contig00009	1704	2918	+	mef(A)	macrolide efflux MFS transporter Mef(A)	core	AMR	AMR	MACROLIDE	AZITHROMYCIN/ERYTHROMYCIN	EXACTX	405	405	100.00	100.00	405	WP_000417519.1	macrolide efflux MFS transporter Mef(A)	NA	NA
SAMN09631714	gordonii	NA	SAMN09631714.contig00009	3041	4501	+	msr(D)	ABC-F type ribosomal protection protein Msr(D)	core	AMR	AMR	MACROLIDE/STREPTOGRAMIN	AZITHROMYCIN/ERYTHROMYCIN/STREPTOGRAMIN B	EXACTX	487	487	100.00	100.00	487	WP_000420313.1	ABC-F type ribosomal protection protein Msr(D)	NA	NA
SAMN20399913	gordonii	NA	SAMN20399913.contig00001	33415	35331	+	tet(M)	tetracycline resistance ribosomal protection protein Tet(M)	core	AMR	AMR	TETRACYCLINE	TETRACYCLINE	BLASTX	639	639	100.00	99.53	639	WP_000691729.1	tetracycline resistance ribosomal protection protein Tet(M)	NA	NA
SAMN20399913	gordonii	NA	SAMN20399913.contig00009	3998	4645	-	catA	type A-9 chloramphenicol O-acetyltransferase	core	AMR	AMR	PHENICOL	CHLORAMPHENICOL	EXACTX	216	216	100.00	100.00	216	WP_001010387.1	type A-9 chloramphenicol O-acetyltransferase	NA	NA
SAMN20399917	gordonii	NA	SAMN20399917.contig00011	1493	2227	+	erm(B)	23S rRNA (adenine(2058)-N(6))-methyltransferase Erm(B)	core	AMR	AMR	LINCOSAMIDE/MACROLIDE/STREPTOGRAMIN	CLINDAMYCIN/ERYTHROMYCIN/STREPTOGRAMIN B	EXACTX	245	245	100.00	100.00	245	WP_001038790.1	23S rRNA (adenine(2058)-N(6))-methyltransferase Erm(B)	NA	NA
SAMN20399917	gordonii	NA	SAMN20399917.contig00019	1312	2796	+	tet(M)	tetracycline resistance ribosomal protection protein Tet(M)	core	AMR	AMR	TETRACYCLINE	TETRACYCLINE	PARTIAL_CONTIG_ENDX	495	639	77.46	100.00	495	WP_000691736.1	tetracycline resistance ribosomal protection protein Tet(M)	NA	NA
SAMN23168443	gordonii	NA	SAMN23168443.contig00003	61252	62712	-	msr(D)	ABC-F type ribosomal protection protein Msr(D)	core	AMR	AMR	MACROLIDE/STREPTOGRAMIN	AZITHROMYCIN/ERYTHROMYCIN/STREPTOGRAMIN B	EXACTX	487	487	100.00	100.00	487	WP_000420313.1	ABC-F type ribosomal protection protein Msr(D)	NA	NA
SAMN23168443	gordonii	NA	SAMN23168443.contig00003	62835	64049	-	mef(A)	macrolide efflux MFS transporter Mef(A)	core	AMR	AMR	MACROLIDE	AZITHROMYCIN/ERYTHROMYCIN	EXACTX	405	405	100.00	100.00	405	WP_000417519.1	macrolide efflux MFS transporter Mef(A)	NA	NA
SAMN23168443	gordonii	NA	SAMN23168443.contig00003	306681	308597	-	tet(M)	tetracycline resistance ribosomal protection protein Tet(M)	core	AMR	AMR	TETRACYCLINE	TETRACYCLINE	EXACTX	639	639	100.00	100.00	639	WP_002414694.1	tetracycline resistance ribosomal protection protein Tet(M)	NA	NA
SAMN26876563	gordonii	NA	SAMN26876563.contig00002	324392	325852	-	msr(D)	ABC-F type ribosomal protection protein Msr(D)	core	AMR	AMR	MACROLIDE/STREPTOGRAMIN	AZITHROMYCIN/ERYTHROMYCIN/STREPTOGRAMIN B	EXACTX	487	487	100.00	100.00	487	WP_000420313.1	ABC-F type ribosomal protection protein Msr(D)	NA	NA
SAMN26876563	gordonii	NA	SAMN26876563.contig00002	325975	327189	-	mef(A)	macrolide efflux MFS transporter Mef(A)	core	AMR	AMR	MACROLIDE	AZITHROMYCIN/ERYTHROMYCIN	EXACTX	405	405	100.00	100.00	405	WP_000417519.1	macrolide efflux MFS transporter Mef(A)	NA	NA
SAMN26876565	gordonii	NA	SAMN26876565.contig00005	153018	154232	+	mef(A)	macrolide efflux MFS transporter Mef(A)	core	AMR	AMR	MACROLIDE	AZITHROMYCIN/ERYTHROMYCIN	EXACTX	405	405	100.00	100.00	405	WP_000417519.1	macrolide efflux MFS transporter Mef(A)	NA	NA
SAMN26876565	gordonii	NA	SAMN26876565.contig00005	154355	155815	+	msr(D)	ABC-F type ribosomal protection protein Msr(D)	core	AMR	AMR	MACROLIDE/STREPTOGRAMIN	AZITHROMYCIN/ERYTHROMYCIN/STREPTOGRAMIN B	EXACTX	487	487	100.00	100.00	487	WP_000420313.1	ABC-F type ribosomal protection protein Msr(D)	NA	NA
SAMN26876579	gordonii	NA	SAMN26876579.contig00005	161973	163187	+	mef(A)	macrolide efflux MFS transporter Mef(A)	core	AMR	AMR	MACROLIDE	AZITHROMYCIN/ERYTHROMYCIN	EXACTX	405	405	100.00	100.00	405	WP_000417519.1	macrolide efflux MFS transporter Mef(A)	NA	NA
SAMN26876579	gordonii	NA	SAMN26876579.contig00005	163310	164770	+	msr(D)	ABC-F type ribosomal protection protein Msr(D)	core	AMR	AMR	MACROLIDE/STREPTOGRAMIN	AZITHROMYCIN/ERYTHROMYCIN/STREPTOGRAMIN B	BLASTX	487	487	100.00	99.79	487	WP_000420313.1	ABC-F type ribosomal protection protein Msr(D)	NA	NA
