user_genome	classification	species
0043m-CMPN001x78_260114_LH00793_B23GCKKLT3	d__Bacteria;p__Bacillota;c__Bacilli;o__Lactobacillales;f__Streptococcaceae;g__Streptococcus;s__	N/A
0048m-CMPN001x79_260114_LH00793_B23GCKKLT3	d__Bacteria;p__Bacillota;c__Bacilli;o__Lactobacillales;f__Streptococcaceae;g__Streptococcus;s__Streptococcus	oralis_CS
0052a-CMPN001x80_260114_LH00793_B23GCKKLT3	d__Bacteria;p__Bacillota;c__Bacilli;o__Lactobacillales;f__Streptococcaceae;g__Streptococcus;s__Streptococcus	hominis
0059s-CMPN001x81_260114_LH00793_B23GCKKLT3	d__Bacteria;p__Bacillota;c__Bacilli;o__Lactobacillales;f__Streptococcaceae;g__Streptococcus;s__Streptococcus	sanguinis_H
0068g-CMPN001x82_260114_LH00793_B23GCKKLT3	d__Bacteria;p__Bacillota;c__Bacilli;o__Lactobacillales;f__Streptococcaceae;g__Streptococcus;s__Streptococcus	gordonii
0068m-CMPN001x83_260114_LH00793_B23GCKKLT3	d__Bacteria;p__Bacillota;c__Bacilli;o__Lactobacillales;f__Streptococcaceae;g__Streptococcus;s__	N/A
0071v-CMPN001x84_260114_LH00793_B23GCKKLT3	d__Bacteria;p__Bacillota;c__Bacilli;o__Lactobacillales;f__Streptococcaceae;g__Streptococcus;s__Streptococcus	vestibularis
0076m-CMPN001x85_260114_LH00793_B23GCKKLT3	d__Bacteria;p__Bacillota;c__Bacilli;o__Lactobacillales;f__Streptococcaceae;g__Streptococcus;s__	N/A
0084v-CMPN001x87_260114_LH00793_B23GCKKLT3	d__Bacteria;p__Bacillota;c__Bacilli;o__Lactobacillales;f__Streptococcaceae;g__Streptococcus;s__Streptococcus	vestibularis
0093s-CMPN001x88_260114_LH00793_B23GCKKLT3	d__Bacteria;p__Bacillota;c__Bacilli;o__Lactobacillales;f__Streptococcaceae;g__Streptococcus;s__Streptococcus	salivarius_D
0106g-CMPN001x89_260114_LH00793_B23GCKKLT3	d__Bacteria;p__Bacillota;c__Bacilli;o__Lactobacillales;f__Streptococcaceae;g__Streptococcus;s__Streptococcus	gordonii
0106s-CMPN001x90_260114_LH00793_B23GCKKLT3	d__Bacteria;p__Bacillota;c__Bacilli;o__Lactobacillales;f__Streptococcaceae;g__Streptococcus;s__Streptococcus	salivarius_D
0116p-CMPN001x93_260114_LH00793_B23GCKKLT3	d__Bacteria;p__Bacillota;c__Bacilli;o__Lactobacillales;f__Streptococcaceae;g__Streptococcus;s__Streptococcus	parasanguinis
0116s-CMPN001x91_260114_LH00793_B23GCKKLT3	d__Bacteria;p__Bacillota;c__Bacilli;o__Lactobacillales;f__Streptococcaceae;g__Streptococcus;s__Streptococcus	salivarius_D
0129a-CMPN001x94_260114_LH00793_B23GCKKLT3	d__Bacteria;p__Bacillota;c__Bacilli;o__Lactobacillales;f__Streptococcaceae;g__Streptococcus;s__Streptococcus	anginosus
0129p-CMPN001x95_260114_LH00793_B23GCKKLT3	d__Bacteria;p__Bacillota;c__Bacilli;o__Lactobacillales;f__Streptococcaceae;g__Streptococcus;s__Streptococcus	parasanguinis
033Ap-CMPN001x48_260114_LH00793_B23GCKKLT3	d__Bacteria;p__Bacillota;c__Bacilli;o__Lactobacillales;f__Streptococcaceae;g__Streptococcus;s__Streptococcus	parasanguinis
033Cm-CMPN001x01_260114_LH00793_B23GCKKLT3	d__Bacteria;p__Bacillota;c__Bacilli;o__Lactobacillales;f__Streptococcaceae;g__Streptococcus;s__	N/A
039Ap-CMPN001x49_260114_LH00793_B23GCKKLT3	d__Bacteria;p__Bacillota;c__Bacilli;o__Lactobacillales;f__Streptococcaceae;g__Streptococcus;s__Streptococcus	parasanguinis
039Pp-CMPN001x39_260114_LH00793_B23GCKKLT3	d__Bacteria;p__Bacillota;c__Bacilli;o__Lactobacillales;f__Streptococcaceae;g__Streptococcus;s__Streptococcus	xiaochunlingii
042Ap-CMPN001x50_260114_LH00793_B23GCKKLT3	d__Bacteria;p__Bacillota;c__Bacilli;o__Lactobacillales;f__Streptococcaceae;g__Streptococcus;s__Streptococcus	parasanguinis_C
042Cg-CMPN001x02_260114_LH00793_B23GCKKLT3	d__Bacteria;p__Bacillota;c__Bacilli;o__Lactobacillales;f__Streptococcaceae;g__Streptococcus;s__Streptococcus	gordonii
047As-CMPN001x51_260114_LH00793_B23GCKKLT3	d__Bacteria;p__Bacillota;c__Bacilli;o__Lactobacillales;f__Streptococcaceae;g__Streptococcus;s__Streptococcus	salivarius
047Cs-CMPN001x03_260114_LH00793_B23GCKKLT3	d__Bacteria;p__Bacillota;c__Bacilli;o__Lactobacillales;f__Streptococcaceae;g__Streptococcus;s__Streptococcus	salivarius
050Cc-CMPN001x04_260114_LH00793_B23GCKKLT3	d__Bacteria;p__Bacillota;c__Bacilli;o__Lactobacillales;f__Streptococcaceae;g__Streptococcus;s__Streptococcus	sp902460355
053Ap-CMPN001x52_260114_LH00793_B23GCKKLT3	d__Bacteria;p__Bacillota;c__Bacilli;o__Lactobacillales;f__Streptococcaceae;g__Streptococcus;s__Streptococcus	parasanguinis_Q
062Ca-CMPN001x06_260114_LH00793_B23GCKKLT3	d__Bacteria;p__Bacillota;c__Bacilli;o__Lactobacillales;f__Streptococcaceae;g__Streptococcus;s__Streptococcus	hominis
066Pp-CMPN001x40_260114_LH00793_B23GCKKLT3	d__Bacteria;p__Bacillota;c__Bacilli;o__Lactobacillales;f__Streptococcaceae;g__Streptococcus;s__Streptococcus	parasanguinis_I
069Cv-CMPN001x07_260114_LH00793_B23GCKKLT3	d__Bacteria;p__Bacillota;c__Bacilli;o__Lactobacillales;f__Streptococcaceae;g__Streptococcus;s__	N/A
070Ca-CMPN001x08_260114_LH00793_B23GCKKLT3	d__Bacteria;p__Bacillota;c__Bacilli;o__Lactobacillales;f__Streptococcaceae;g__Streptococcus;s__Streptococcus	vaginalis
074Ca-CMPN001x09_260114_LH00793_B23GCKKLT3	d__Bacteria;p__Bacillota;c__Bacilli;o__Lactobacillales;f__Streptococcaceae;g__Streptococcus;s__Streptococcus	hominis
079As-CMPN001x53_260114_LH00793_B23GCKKLT3	d__Bacteria;p__Bacillota;c__Bacilli;o__Lactobacillales;f__Streptococcaceae;g__Streptococcus;s__Streptococcus	salivarius_E
079Cs-CMPN001x10_260114_LH00793_B23GCKKLT3	d__Bacteria;p__Bacillota;c__Bacilli;o__Lactobacillales;f__Streptococcaceae;g__Streptococcus;s__Streptococcus	salivarius
079Ps-CMPN001x41_260114_LH00793_B23GCKKLT3	d__Bacteria;p__Bacillota;c__Bacilli;o__Lactobacillales;f__Streptococcaceae;g__Streptococcus;s__Streptococcus	sp001556435
083Cg-CMPN001x11_260114_LH00793_B23GCKKLT3	d__Bacteria;p__Bacillota;c__Bacilli;o__Lactobacillales;f__Streptococcaceae;g__Streptococcus;s__Streptococcus	gordonii
089Cs-CMPN001x12_260114_LH00793_B23GCKKLT3	d__Bacteria;p__Bacillota;c__Bacilli;o__Lactobacillales;f__Streptococcaceae;g__Streptococcus;s__Streptococcus	salivarius_E
090Am-CMPN001x54_260114_LH00793_B23GCKKLT3	d__Bacteria;p__Bacillota;c__Bacilli;o__Lactobacillales;f__Streptococcaceae;g__Streptococcus;s__Streptococcus	sp001553685
092Cs-CMPN001x14_260114_LH00793_B23GCKKLT3	d__Bacteria;p__Bacillota;c__Bacilli;o__Lactobacillales;f__Streptococcaceae;g__Streptococcus;s__Streptococcus	sanguinis
092Cv-CMPN001x15_260114_LH00793_B23GCKKLT3	d__Bacteria;p__Bacillota;c__Bacilli;o__Lactobacillales;f__Streptococcaceae;g__Streptococcus;s__Streptococcus	sp001556435
094Cm-CMPN001x16_260114_LH00793_B23GCKKLT3	d__Bacteria;p__Bacillota;c__Bacilli;o__Lactobacillales;f__Streptococcaceae;g__Streptococcus;s__Streptococcus	oralis_CQ
098Cp-CMPN001x18_260114_LH00793_B23GCKKLT3	d__Bacteria;p__Bacillota;c__Bacilli;o__Lactobacillales;f__Streptococcaceae;g__Streptococcus;s__Streptococcus	ilei
100Cs-CMPN001x20_260114_LH00793_B23GCKKLT3	d__Bacteria;p__Bacillota;c__Bacilli;o__Lactobacillales;f__Streptococcaceae;g__Streptococcus;s__Streptococcus	sanguinis_G
103Cs-CMPN001x21_260114_LH00793_B23GCKKLT3	d__Bacteria;p__Bacillota;c__Bacilli;o__Lactobacillales;f__Streptococcaceae;g__Streptococcus;s__Streptococcus	salivarius_D
104Ap-CMPN001x55_260114_LH00793_B23GCKKLT3	d__Bacteria;p__Bacillota;c__Bacilli;o__Lactobacillales;f__Streptococcaceae;g__Streptococcus;s__Streptococcus	parasanguinis
104Csv-CMPN001x22_260114_LH00793_B23GCKKLT3	d__Bacteria;p__Bacillota;c__Bacilli;o__Lactobacillales;f__Streptococcaceae;g__Streptococcus;s__Streptococcus	salivarius_E
105Cc-CMPN001x23_260114_LH00793_B23GCKKLT3	d__Bacteria;p__Bacillota;c__Bacilli;o__Lactobacillales;f__Streptococcaceae;g__Streptococcus;s__Streptococcus	cristatus
108Cap-CMPN001x24_260114_LH00793_B23GCKKLT3	d__Bacteria;p__Bacillota;c__Bacilli;o__Lactobacillales;f__Streptococcaceae;g__Streptococcus;s__Streptococcus	sp905372335
108Cv-CMPN001x25_260114_LH00793_B23GCKKLT3	d__Bacteria;p__Bacillota;c__Bacilli;o__Lactobacillales;f__Streptococcaceae;g__Streptococcus;s__Streptococcus	salivarius_D
110Am-CMPN001x56_260114_LH00793_B23GCKKLT3	d__Bacteria;p__Bacillota;c__Bacilli;o__Lactobacillales;f__Streptococcaceae;g__Streptococcus;s__Streptococcus	infantis_F
110Av-CMPN001x57_260114_LH00793_B23GCKKLT3	d__Bacteria;p__Bacillota;c__Bacilli;o__Lactobacillales;f__Streptococcaceae;g__Streptococcus;s__Streptococcus	vestibularis
110Ca-CMPN001x26_260114_LH00793_B23GCKKLT3	d__Bacteria;p__Bacillota;c__Bacilli;o__Lactobacillales;f__Streptococcaceae;g__Streptococcus;s__Streptococcus	hominis
110Cm-CMPN001x27_260114_LH00793_B23GCKKLT3	d__Bacteria;p__Bacillota;c__Bacilli;o__Lactobacillales;f__Streptococcaceae;g__Streptococcus;s__Streptococcus	sp001808705
111Ap-CMPN001x58_260114_LH00793_B23GCKKLT3	d__Bacteria;p__Bacillota;c__Bacilli;o__Lactobacillales;f__Streptococcaceae;g__Streptococcus;s__Streptococcus	parasanguinis
111Ps-CMPN001x43_260114_LH00793_B23GCKKLT3	d__Bacteria;p__Bacillota;c__Bacilli;o__Lactobacillales;f__Streptococcaceae;g__Streptococcus;s__Streptococcus	sanguinis_R
112Csv-CMPN001x28_260114_LH00793_B23GCKKLT3	d__Bacteria;p__Bacillota;c__Bacilli;o__Lactobacillales;f__Streptococcaceae;g__Streptococcus;s__Streptococcus	salivarius_E
113Ap-CMPN001x59_260114_LH00793_B23GCKKLT3	d__Bacteria;p__Bacillota;c__Bacilli;o__Lactobacillales;f__Streptococcaceae;g__Streptococcus;s__Streptococcus	parasanguinis_B
113Cp-CMPN001x29_260114_LH00793_B23GCKKLT3	d__Bacteria;p__Bacillota;c__Bacilli;o__Lactobacillales;f__Streptococcaceae;g__Streptococcus;s__Streptococcus	parasanguinis_J
113Pp-CMPN001x44_260114_LH00793_B23GCKKLT3	d__Bacteria;p__Bacillota;c__Bacilli;o__Lactobacillales;f__Streptococcaceae;g__Streptococcus;s__Streptococcus	parasanguinis_K
114Cim-CMPN001x30_260114_LH00793_B23GCKKLT3	d__Bacteria;p__Bacillota;c__Bacilli;o__Lactobacillales;f__Streptococcaceae;g__Streptococcus;s__Streptococcus	oralis_I
116mi-CMPN001x92_260114_LH00793_B23GCKKLT3	d__Bacteria;p__Bacillota;c__Bacilli;o__Lactobacillales;f__Streptococcaceae;g__Streptococcus;s__Streptococcus	sp001553685
118Ap-CMPN001x60_260114_LH00793_B23GCKKLT3	d__Bacteria;p__Bacillota;c__Bacilli;o__Lactobacillales;f__Streptococcaceae;g__Streptococcus;s__Streptococcus	parasanguinis
118Cim-CMPN001x31_260114_LH00793_B23GCKKLT3	d__Bacteria;p__Bacillota;c__Bacilli;o__Lactobacillales;f__Streptococcaceae;g__Streptococcus;s__Streptococcus	oralis_I
118Pim-CMPN001x45_260114_LH00793_B23GCKKLT3	d__Bacteria;p__Bacillota;c__Bacilli;o__Lactobacillales;f__Streptococcaceae;g__Streptococcus;s__	N/A
118Pp-CMPN001x46_260114_LH00793_B23GCKKLT3	d__Bacteria;p__Bacillota;c__Bacilli;o__Lactobacillales;f__Streptococcaceae;g__Streptococcus;s__Streptococcus	parasanguinis
120Cs-CMPN001x32_260114_LH00793_B23GCKKLT3	d__Bacteria;p__Bacillota;c__Bacilli;o__Lactobacillales;f__Streptococcaceae;g__Streptococcus;s__Streptococcus	sanguinis
122Csv-CMPN001x33_260114_LH00793_B23GCKKLT3	d__Bacteria;p__Bacillota;c__Bacilli;o__Lactobacillales;f__Streptococcaceae;g__Streptococcus;s__Streptococcus	salivarius_E
123Cs-CMPN001x34_260114_LH00793_B23GCKKLT3	d__Bacteria;p__Bacillota;c__Bacilli;o__Lactobacillales;f__Streptococcaceae;g__Streptococcus;s__Streptococcus	sanguinis_H
123Pp-CMPN001x47_260114_LH00793_B23GCKKLT3	d__Bacteria;p__Bacillota;c__Bacilli;o__Lactobacillales;f__Streptococcaceae;g__Streptococcus;s__Streptococcus	parasanguinis_D
124Ap-CMPN001x61_260114_LH00793_B23GCKKLT3	d__Bacteria;p__Bacillota;c__Bacilli;o__Lactobacillales;f__Streptococcaceae;g__Streptococcus;s__Streptococcus	parasanguinis
127Cs-CMPN001x35_260114_LH00793_B23GCKKLT3	d__Bacteria;p__Bacillota;c__Bacilli;o__Lactobacillales;f__Streptococcaceae;g__Streptococcus;s__Streptococcus	salivarius_D
129Cs-CMPN001x36_260114_LH00793_B23GCKKLT3	d__Bacteria;p__Bacillota;c__Bacilli;o__Lactobacillales;f__Streptococcaceae;g__Streptococcus;s__Streptococcus	sanguinis
131As-CMPN001x62_260114_LH00793_B23GCKKLT3	d__Bacteria;p__Bacillota;c__Bacilli;o__Lactobacillales;f__Streptococcaceae;g__Streptococcus;s__Streptococcus	salivarius_E
131Ca-CMPN001x63_260114_LH00793_B23GCKKLT3	d__Bacteria;p__Bacillota;c__Bacilli;o__Lactobacillales;f__Streptococcaceae;g__Streptococcus;s__Streptococcus	hominis
131Cm-CMPN001x37_260114_LH00793_B23GCKKLT3	d__Bacteria;p__Bacillota;c__Bacilli;o__Lactobacillales;f__Streptococcaceae;g__Streptococcus;s__	N/A
132Cs-CMPN001x38_260114_LH00793_B23GCKKLT3	d__Bacteria;p__Bacillota;c__Bacilli;o__Lactobacillales;f__Streptococcaceae;g__Streptococcus;s__Streptococcus	sp001556435
140Ca-CMPN001x64_260114_LH00793_B23GCKKLT3	d__Bacteria;p__Bacillota;c__Bacilli;o__Lactobacillales;f__Streptococcaceae;g__Streptococcus;s__Streptococcus	hominis
140Cp-CMPN001x65_260114_LH00793_B23GCKKLT3	d__Bacteria;p__Bacillota;c__Bacilli;o__Lactobacillales;f__Streptococcaceae;g__Streptococcus;s__Streptococcus	sp030825805
141Ap-CMPN001x66_260114_LH00793_B23GCKKLT3	d__Bacteria;p__Bacillota;c__Bacilli;o__Lactobacillales;f__Streptococcaceae;g__Streptococcus;s__Streptococcus	parasanguinis_N
145Cm-CMPN001x68_260114_LH00793_B23GCKKLT3	d__Bacteria;p__Bacillota;c__Bacilli;o__Lactobacillales;f__Streptococcaceae;g__Streptococcus;s__Streptococcus	oralis_K
145Csv-CMPN001x67_260114_LH00793_B23GCKKLT3	d__Bacteria;p__Bacillota;c__Bacilli;o__Lactobacillales;f__Streptococcaceae;g__Streptococcus;s__Streptococcus	oralis_K
146Pp-CMPN001x69_260114_LH00793_B23GCKKLT3	d__Bacteria;p__Bacillota;c__Bacilli;o__Lactobacillales;f__Streptococcaceae;g__Streptococcus;s__Streptococcus	xiaochunlingii
148Cm-CMPN001x70_260114_LH00793_B23GCKKLT3	d__Bacteria;p__Bacillota;c__Bacilli;o__Lactobacillales;f__Streptococcaceae;g__Streptococcus;s__Streptococcus	sp000314775
149Ap-CMPN001x71_260114_LH00793_B23GCKKLT3	d__Bacteria;p__Bacillota;c__Bacilli;o__Lactobacillales;f__Streptococcaceae;g__Streptococcus;s__Streptococcus	sp036663675
149As-CMPN001x72_260114_LH00793_B23GCKKLT3	d__Bacteria;p__Bacillota;c__Bacilli;o__Lactobacillales;f__Streptococcaceae;g__Streptococcus;s__Streptococcus	salivarius_E
149Cc-CMPN001x73_260114_LH00793_B23GCKKLT3	d__Bacteria;p__Bacillota;c__Bacilli;o__Lactobacillales;f__Streptococcaceae;g__Streptococcus;s__Streptococcus	constellatus
150Cp-CMPN001x74_260114_LH00793_B23GCKKLT3	d__Bacteria;p__Bacillota;c__Bacilli;o__Lactobacillales;f__Streptococcaceae;g__Streptococcus;s__Streptococcus	parasanguinis
151Cm-CMPN001x75_260114_LH00793_B23GCKKLT3	d__Bacteria;p__Bacillota;c__Bacilli;o__Lactobacillales;f__Streptococcaceae;g__Streptococcus;s__Streptococcus	oralis_T
155Cvs-CMPN001x76_260114_LH00793_B23GCKKLT3	d__Bacteria;p__Bacillota;c__Bacilli;o__Lactobacillales;f__Streptococcaceae;g__Streptococcus;s__Streptococcus	salivarius_E
160Ap-CMPN001x77_260114_LH00793_B23GCKKLT3	d__Bacteria;p__Bacillota;c__Bacilli;o__Lactobacillales;f__Streptococcaceae;g__Streptococcus;s__Streptococcus	parasanguinis_D
55Csv-CMPN001x05_260114_LH00793_B23GCKKLT3	d__Bacteria;p__Bacillota;c__Bacilli;o__Lactobacillales;f__Streptococcaceae;g__Streptococcus;s__Streptococcus	salivarius_D
90Pim-CMPN001x42_260114_LH00793_B23GCKKLT3	d__Bacteria;p__Bacillota;c__Bacilli;o__Lactobacillales;f__Streptococcaceae;g__Streptococcus;s__Streptococcus	sp001553685
91Csv-CMPN001x13_260114_LH00793_B23GCKKLT3	d__Bacteria;p__Bacillota;c__Bacilli;o__Lactobacillales;f__Streptococcaceae;g__Streptococcus;s__Streptococcus	sp001556435
97Csv-CMPN001x17_260114_LH00793_B23GCKKLT3	d__Bacteria;p__Bacillota;c__Bacilli;o__Lactobacillales;f__Streptococcaceae;g__Streptococcus;s__Streptococcus	sp001556435
98Cap-CMPN001x19_260114_LH00793_B23GCKKLT3	d__Bacteria;p__Bacillota;c__Bacilli;o__Lactobacillales;f__Streptococcaceae;g__Streptococcus;s__Streptococcus	ilei
